ISO-10303-21;
HEADER;
/* Generated by software containing ST-Developer
 * from STEP Tools, Inc. (www.steptools.com) 
 */
/* OPTION: using custom renumber hook */

FILE_DESCRIPTION(
/* description */ ('STEP AP242 Edition 2',
'CAx-IF Rec.Pracs.---Representation and Presentation of Product Manufa
cturing Information (PMI)---4.0---2014-10-13',
'CAx-IF Rec.Pracs.---3D Tessellated Geometry---0.4---2014-09-14','2;1',
'CAx-IF Rec.Pracs.---User Defined Attributes---1.5---2016-08-15'),
/* implementation_level */ '2;1');

FILE_NAME(
/* name */ 'Part Studio 1',
/* time_stamp */ '2026-09-10T17:50:32Z',
/* author */ (''),
/* organization */ (''),
/* preprocessor_version */ 'ST-DEVELOPER v20',
/* originating_system */ 'ONSHAPE BY PTC INC, 1.220',
/* authorisation */ '  ');

FILE_SCHEMA (('AP242_MANAGED_MODEL_BASED_3D_ENGINEERING_MIM_LF { 1 0 10303 442 3 1 4 }'));
ENDSEC;

DATA;
#10=SHAPE_REPRESENTATION_RELATIONSHIP('','',#1970,#12);
#11=SHAPE_REPRESENTATION_RELATIONSHIP('','',#1971,#13);
#12=ADVANCED_BREP_SHAPE_REPRESENTATION('',(#1966),#3310);
#13=ADVANCED_BREP_SHAPE_REPRESENTATION('',(#1967),#3311);
#14=CYLINDRICAL_SURFACE('',#2051,0.004);
#15=CYLINDRICAL_SURFACE('',#2053,0.004);
#16=CYLINDRICAL_SURFACE('',#2055,0.004);
#17=CYLINDRICAL_SURFACE('',#2057,0.004);
#18=CYLINDRICAL_SURFACE('',#2068,0.00202990288686934);
#19=CYLINDRICAL_SURFACE('',#2069,0.00203541270362318);
#20=CYLINDRICAL_SURFACE('',#2070,0.0020138743763628);
#21=CYLINDRICAL_SURFACE('',#2071,0.00198461569030595);
#22=CYLINDRICAL_SURFACE('',#2090,0.001);
#23=CYLINDRICAL_SURFACE('',#2091,0.001);
#24=CYLINDRICAL_SURFACE('',#2092,0.001);
#25=CYLINDRICAL_SURFACE('',#2093,0.001);
#26=CYLINDRICAL_SURFACE('',#2094,0.001);
#27=CYLINDRICAL_SURFACE('',#2095,0.001);
#28=CYLINDRICAL_SURFACE('',#2096,0.001);
#29=CYLINDRICAL_SURFACE('',#2097,0.001);
#30=CYLINDRICAL_SURFACE('',#2098,0.001);
#31=CYLINDRICAL_SURFACE('',#2099,0.001);
#32=CYLINDRICAL_SURFACE('',#2100,0.001);
#33=CYLINDRICAL_SURFACE('',#2101,0.001);
#34=CYLINDRICAL_SURFACE('',#2102,0.001);
#35=CYLINDRICAL_SURFACE('',#2103,0.001);
#36=CYLINDRICAL_SURFACE('',#2104,0.001);
#37=CYLINDRICAL_SURFACE('',#2105,0.001);
#38=CYLINDRICAL_SURFACE('',#2106,0.001);
#39=CYLINDRICAL_SURFACE('',#2107,0.001);
#40=CYLINDRICAL_SURFACE('',#2108,0.001);
#41=CYLINDRICAL_SURFACE('',#2109,0.001);
#42=CYLINDRICAL_SURFACE('',#2110,0.001);
#43=CYLINDRICAL_SURFACE('',#2111,0.001);
#44=CYLINDRICAL_SURFACE('',#2112,0.001);
#45=CYLINDRICAL_SURFACE('',#2113,0.001);
#46=CYLINDRICAL_SURFACE('',#2114,0.001);
#47=CYLINDRICAL_SURFACE('',#2115,0.001);
#48=CYLINDRICAL_SURFACE('',#2116,0.001);
#49=CYLINDRICAL_SURFACE('',#2140,0.004);
#50=CYLINDRICAL_SURFACE('',#2142,0.002);
#51=CYLINDRICAL_SURFACE('',#2143,0.002);
#52=CYLINDRICAL_SURFACE('',#2144,0.002);
#53=CYLINDRICAL_SURFACE('',#2145,0.002);
#54=CYLINDRICAL_SURFACE('',#2156,0.004);
#55=CYLINDRICAL_SURFACE('',#2157,0.004);
#56=CYLINDRICAL_SURFACE('',#2158,0.004);
#57=CYLINDRICAL_SURFACE('',#2159,0.0020448910704666);
#58=CYLINDRICAL_SURFACE('',#2162,0.00199194971978226);
#59=CYLINDRICAL_SURFACE('',#2165,0.00203472684487721);
#60=CYLINDRICAL_SURFACE('',#2168,0.00200307255827098);
#61=CIRCLE('',#1984,0.001);
#62=CIRCLE('',#1985,0.001);
#63=CIRCLE('',#1986,0.001);
#64=CIRCLE('',#1987,0.001);
#65=CIRCLE('',#1988,0.001);
#66=CIRCLE('',#1989,0.001);
#67=CIRCLE('',#1990,0.001);
#68=CIRCLE('',#1991,0.001);
#69=CIRCLE('',#1992,0.001);
#70=CIRCLE('',#1993,0.001);
#71=CIRCLE('',#1994,0.001);
#72=CIRCLE('',#1995,0.001);
#73=CIRCLE('',#1996,0.001);
#74=CIRCLE('',#1997,0.001);
#75=CIRCLE('',#1998,0.001);
#76=CIRCLE('',#1999,0.001);
#77=CIRCLE('',#2000,0.001);
#78=CIRCLE('',#2001,0.001);
#79=CIRCLE('',#2002,0.001);
#80=CIRCLE('',#2003,0.001);
#81=CIRCLE('',#2004,0.001);
#82=CIRCLE('',#2005,0.001);
#83=CIRCLE('',#2006,0.001);
#84=CIRCLE('',#2007,0.001);
#85=CIRCLE('',#2008,0.001);
#86=CIRCLE('',#2009,0.001);
#87=CIRCLE('',#2010,0.001);
#88=CIRCLE('',#2012,0.001);
#89=CIRCLE('',#2013,0.001);
#90=CIRCLE('',#2014,0.001);
#91=CIRCLE('',#2015,0.001);
#92=CIRCLE('',#2016,0.001);
#93=CIRCLE('',#2017,0.001);
#94=CIRCLE('',#2018,0.001);
#95=CIRCLE('',#2019,0.001);
#96=CIRCLE('',#2020,0.001);
#97=CIRCLE('',#2021,0.001);
#98=CIRCLE('',#2022,0.001);
#99=CIRCLE('',#2023,0.001);
#100=CIRCLE('',#2024,0.001);
#101=CIRCLE('',#2025,0.001);
#102=CIRCLE('',#2026,0.001);
#103=CIRCLE('',#2027,0.001);
#104=CIRCLE('',#2028,0.001);
#105=CIRCLE('',#2029,0.001);
#106=CIRCLE('',#2030,0.001);
#107=CIRCLE('',#2031,0.001);
#108=CIRCLE('',#2032,0.001);
#109=CIRCLE('',#2033,0.001);
#110=CIRCLE('',#2034,0.001);
#111=CIRCLE('',#2035,0.00198461569030595);
#112=CIRCLE('',#2036,0.0020138743763628);
#113=CIRCLE('',#2037,0.00203541270362318);
#114=CIRCLE('',#2038,0.00202990288686934);
#115=CIRCLE('',#2039,0.004);
#116=CIRCLE('',#2040,0.004);
#117=CIRCLE('',#2041,0.004);
#118=CIRCLE('',#2042,0.004);
#119=CIRCLE('',#2043,0.001);
#120=CIRCLE('',#2044,0.001);
#121=CIRCLE('',#2045,0.001);
#122=CIRCLE('',#2046,0.001);
#123=CIRCLE('',#2052,0.004);
#124=CIRCLE('',#2054,0.004);
#125=CIRCLE('',#2056,0.004);
#126=CIRCLE('',#2058,0.004);
#127=CIRCLE('',#2060,0.00198461569030595);
#128=CIRCLE('',#2061,0.0020138743763628);
#129=CIRCLE('',#2062,0.00203541270362318);
#130=CIRCLE('',#2063,0.00202990288686934);
#131=CIRCLE('',#2119,0.002);
#132=CIRCLE('',#2120,0.002);
#133=CIRCLE('',#2121,0.002);
#134=CIRCLE('',#2122,0.002);
#135=CIRCLE('',#2125,0.002);
#136=CIRCLE('',#2126,0.002);
#137=CIRCLE('',#2127,0.002);
#138=CIRCLE('',#2128,0.002);
#139=CIRCLE('',#2130,0.00200307255827098);
#140=CIRCLE('',#2131,0.00203472684487721);
#141=CIRCLE('',#2132,0.00199194971978226);
#142=CIRCLE('',#2133,0.0020448910704666);
#143=CIRCLE('',#2134,0.004);
#144=CIRCLE('',#2135,0.004);
#145=CIRCLE('',#2136,0.004);
#146=CIRCLE('',#2137,0.004);
#147=CIRCLE('',#2141,0.004);
#148=CIRCLE('',#2152,0.004);
#149=CIRCLE('',#2153,0.004);
#150=CIRCLE('',#2154,0.004);
#151=CIRCLE('',#2160,0.0020448910704666);
#152=CIRCLE('',#2163,0.00199194971978226);
#153=CIRCLE('',#2166,0.00203472684487721);
#154=CIRCLE('',#2169,0.00200307255827098);
#155=ORIENTED_EDGE('',*,*,#697,.T.);
#156=ORIENTED_EDGE('',*,*,#698,.F.);
#157=ORIENTED_EDGE('',*,*,#699,.F.);
#158=ORIENTED_EDGE('',*,*,#700,.F.);
#159=ORIENTED_EDGE('',*,*,#701,.T.);
#160=ORIENTED_EDGE('',*,*,#702,.F.);
#161=ORIENTED_EDGE('',*,*,#703,.F.);
#162=ORIENTED_EDGE('',*,*,#704,.F.);
#163=ORIENTED_EDGE('',*,*,#705,.F.);
#164=ORIENTED_EDGE('',*,*,#706,.F.);
#165=ORIENTED_EDGE('',*,*,#707,.T.);
#166=ORIENTED_EDGE('',*,*,#708,.F.);
#167=ORIENTED_EDGE('',*,*,#709,.T.);
#168=ORIENTED_EDGE('',*,*,#710,.F.);
#169=ORIENTED_EDGE('',*,*,#711,.F.);
#170=ORIENTED_EDGE('',*,*,#712,.F.);
#171=ORIENTED_EDGE('',*,*,#713,.F.);
#172=ORIENTED_EDGE('',*,*,#714,.F.);
#173=ORIENTED_EDGE('',*,*,#715,.T.);
#174=ORIENTED_EDGE('',*,*,#716,.F.);
#175=ORIENTED_EDGE('',*,*,#717,.F.);
#176=ORIENTED_EDGE('',*,*,#718,.F.);
#177=ORIENTED_EDGE('',*,*,#719,.T.);
#178=ORIENTED_EDGE('',*,*,#720,.F.);
#179=ORIENTED_EDGE('',*,*,#721,.F.);
#180=ORIENTED_EDGE('',*,*,#722,.F.);
#181=ORIENTED_EDGE('',*,*,#723,.T.);
#182=ORIENTED_EDGE('',*,*,#724,.F.);
#183=ORIENTED_EDGE('',*,*,#725,.F.);
#184=ORIENTED_EDGE('',*,*,#726,.F.);
#185=ORIENTED_EDGE('',*,*,#727,.T.);
#186=ORIENTED_EDGE('',*,*,#728,.F.);
#187=ORIENTED_EDGE('',*,*,#729,.F.);
#188=ORIENTED_EDGE('',*,*,#730,.F.);
#189=ORIENTED_EDGE('',*,*,#731,.T.);
#190=ORIENTED_EDGE('',*,*,#732,.F.);
#191=ORIENTED_EDGE('',*,*,#733,.F.);
#192=ORIENTED_EDGE('',*,*,#734,.T.);
#193=ORIENTED_EDGE('',*,*,#735,.T.);
#194=ORIENTED_EDGE('',*,*,#736,.F.);
#195=ORIENTED_EDGE('',*,*,#737,.T.);
#196=ORIENTED_EDGE('',*,*,#738,.F.);
#197=ORIENTED_EDGE('',*,*,#703,.T.);
#198=ORIENTED_EDGE('',*,*,#739,.F.);
#199=ORIENTED_EDGE('',*,*,#740,.F.);
#200=ORIENTED_EDGE('',*,*,#741,.F.);
#201=ORIENTED_EDGE('',*,*,#697,.F.);
#202=ORIENTED_EDGE('',*,*,#742,.F.);
#203=ORIENTED_EDGE('',*,*,#743,.T.);
#204=ORIENTED_EDGE('',*,*,#744,.F.);
#205=ORIENTED_EDGE('',*,*,#711,.T.);
#206=ORIENTED_EDGE('',*,*,#745,.F.);
#207=ORIENTED_EDGE('',*,*,#746,.F.);
#208=ORIENTED_EDGE('',*,*,#747,.F.);
#209=ORIENTED_EDGE('',*,*,#707,.F.);
#210=ORIENTED_EDGE('',*,*,#748,.F.);
#211=ORIENTED_EDGE('',*,*,#749,.T.);
#212=ORIENTED_EDGE('',*,*,#750,.F.);
#213=ORIENTED_EDGE('',*,*,#717,.T.);
#214=ORIENTED_EDGE('',*,*,#751,.F.);
#215=ORIENTED_EDGE('',*,*,#752,.F.);
#216=ORIENTED_EDGE('',*,*,#753,.F.);
#217=ORIENTED_EDGE('',*,*,#715,.F.);
#218=ORIENTED_EDGE('',*,*,#754,.F.);
#219=ORIENTED_EDGE('',*,*,#755,.T.);
#220=ORIENTED_EDGE('',*,*,#756,.F.);
#221=ORIENTED_EDGE('',*,*,#725,.T.);
#222=ORIENTED_EDGE('',*,*,#757,.F.);
#223=ORIENTED_EDGE('',*,*,#758,.F.);
#224=ORIENTED_EDGE('',*,*,#759,.F.);
#225=ORIENTED_EDGE('',*,*,#723,.F.);
#226=ORIENTED_EDGE('',*,*,#760,.F.);
#227=ORIENTED_EDGE('',*,*,#761,.T.);
#228=ORIENTED_EDGE('',*,*,#733,.T.);
#229=ORIENTED_EDGE('',*,*,#762,.F.);
#230=ORIENTED_EDGE('',*,*,#763,.F.);
#231=ORIENTED_EDGE('',*,*,#764,.F.);
#232=ORIENTED_EDGE('',*,*,#731,.F.);
#233=ORIENTED_EDGE('',*,*,#765,.F.);
#234=ORIENTED_EDGE('',*,*,#766,.T.);
#235=ORIENTED_EDGE('',*,*,#767,.F.);
#236=ORIENTED_EDGE('',*,*,#768,.T.);
#237=ORIENTED_EDGE('',*,*,#769,.T.);
#238=ORIENTED_EDGE('',*,*,#770,.T.);
#239=ORIENTED_EDGE('',*,*,#771,.F.);
#240=ORIENTED_EDGE('',*,*,#772,.T.);
#241=ORIENTED_EDGE('',*,*,#773,.F.);
#242=ORIENTED_EDGE('',*,*,#774,.F.);
#243=ORIENTED_EDGE('',*,*,#775,.F.);
#244=ORIENTED_EDGE('',*,*,#776,.F.);
#245=ORIENTED_EDGE('',*,*,#777,.F.);
#246=ORIENTED_EDGE('',*,*,#778,.T.);
#247=ORIENTED_EDGE('',*,*,#779,.F.);
#248=ORIENTED_EDGE('',*,*,#780,.T.);
#249=ORIENTED_EDGE('',*,*,#781,.F.);
#250=ORIENTED_EDGE('',*,*,#782,.F.);
#251=ORIENTED_EDGE('',*,*,#783,.F.);
#252=ORIENTED_EDGE('',*,*,#784,.F.);
#253=ORIENTED_EDGE('',*,*,#785,.F.);
#254=ORIENTED_EDGE('',*,*,#699,.T.);
#255=ORIENTED_EDGE('',*,*,#786,.F.);
#256=ORIENTED_EDGE('',*,*,#787,.T.);
#257=ORIENTED_EDGE('',*,*,#788,.F.);
#258=ORIENTED_EDGE('',*,*,#701,.F.);
#259=ORIENTED_EDGE('',*,*,#789,.F.);
#260=ORIENTED_EDGE('',*,*,#790,.F.);
#261=ORIENTED_EDGE('',*,*,#791,.F.);
#262=ORIENTED_EDGE('',*,*,#705,.T.);
#263=ORIENTED_EDGE('',*,*,#792,.F.);
#264=ORIENTED_EDGE('',*,*,#793,.T.);
#265=ORIENTED_EDGE('',*,*,#794,.F.);
#266=ORIENTED_EDGE('',*,*,#709,.F.);
#267=ORIENTED_EDGE('',*,*,#795,.F.);
#268=ORIENTED_EDGE('',*,*,#796,.F.);
#269=ORIENTED_EDGE('',*,*,#797,.F.);
#270=ORIENTED_EDGE('',*,*,#713,.T.);
#271=ORIENTED_EDGE('',*,*,#798,.F.);
#272=ORIENTED_EDGE('',*,*,#799,.T.);
#273=ORIENTED_EDGE('',*,*,#800,.F.);
#274=ORIENTED_EDGE('',*,*,#719,.F.);
#275=ORIENTED_EDGE('',*,*,#801,.F.);
#276=ORIENTED_EDGE('',*,*,#802,.F.);
#277=ORIENTED_EDGE('',*,*,#803,.F.);
#278=ORIENTED_EDGE('',*,*,#721,.T.);
#279=ORIENTED_EDGE('',*,*,#804,.F.);
#280=ORIENTED_EDGE('',*,*,#805,.T.);
#281=ORIENTED_EDGE('',*,*,#806,.F.);
#282=ORIENTED_EDGE('',*,*,#727,.F.);
#283=ORIENTED_EDGE('',*,*,#807,.F.);
#284=ORIENTED_EDGE('',*,*,#808,.F.);
#285=ORIENTED_EDGE('',*,*,#809,.F.);
#286=ORIENTED_EDGE('',*,*,#729,.T.);
#287=ORIENTED_EDGE('',*,*,#810,.F.);
#288=ORIENTED_EDGE('',*,*,#811,.T.);
#289=ORIENTED_EDGE('',*,*,#812,.F.);
#290=ORIENTED_EDGE('',*,*,#735,.F.);
#291=ORIENTED_EDGE('',*,*,#813,.F.);
#292=ORIENTED_EDGE('',*,*,#814,.F.);
#293=ORIENTED_EDGE('',*,*,#815,.T.);
#294=ORIENTED_EDGE('',*,*,#816,.F.);
#295=ORIENTED_EDGE('',*,*,#817,.T.);
#296=ORIENTED_EDGE('',*,*,#818,.F.);
#297=ORIENTED_EDGE('',*,*,#819,.F.);
#298=ORIENTED_EDGE('',*,*,#820,.F.);
#299=ORIENTED_EDGE('',*,*,#821,.F.);
#300=ORIENTED_EDGE('',*,*,#822,.F.);
#301=ORIENTED_EDGE('',*,*,#823,.F.);
#302=ORIENTED_EDGE('',*,*,#824,.F.);
#303=ORIENTED_EDGE('',*,*,#825,.T.);
#304=ORIENTED_EDGE('',*,*,#826,.F.);
#305=ORIENTED_EDGE('',*,*,#827,.F.);
#306=ORIENTED_EDGE('',*,*,#828,.F.);
#307=ORIENTED_EDGE('',*,*,#829,.T.);
#308=ORIENTED_EDGE('',*,*,#830,.F.);
#309=ORIENTED_EDGE('',*,*,#831,.T.);
#310=ORIENTED_EDGE('',*,*,#832,.F.);
#311=ORIENTED_EDGE('',*,*,#833,.F.);
#312=ORIENTED_EDGE('',*,*,#834,.F.);
#313=ORIENTED_EDGE('',*,*,#835,.T.);
#314=ORIENTED_EDGE('',*,*,#836,.F.);
#315=ORIENTED_EDGE('',*,*,#837,.T.);
#316=ORIENTED_EDGE('',*,*,#838,.F.);
#317=ORIENTED_EDGE('',*,*,#839,.F.);
#318=ORIENTED_EDGE('',*,*,#840,.F.);
#319=ORIENTED_EDGE('',*,*,#841,.F.);
#320=ORIENTED_EDGE('',*,*,#842,.F.);
#321=ORIENTED_EDGE('',*,*,#843,.T.);
#322=ORIENTED_EDGE('',*,*,#844,.F.);
#323=ORIENTED_EDGE('',*,*,#831,.F.);
#324=ORIENTED_EDGE('',*,*,#845,.F.);
#325=ORIENTED_EDGE('',*,*,#846,.F.);
#326=ORIENTED_EDGE('',*,*,#833,.T.);
#327=ORIENTED_EDGE('',*,*,#847,.F.);
#328=ORIENTED_EDGE('',*,*,#848,.F.);
#329=ORIENTED_EDGE('',*,*,#849,.F.);
#330=ORIENTED_EDGE('',*,*,#827,.T.);
#331=ORIENTED_EDGE('',*,*,#850,.F.);
#332=ORIENTED_EDGE('',*,*,#851,.F.);
#333=ORIENTED_EDGE('',*,*,#852,.T.);
#334=ORIENTED_EDGE('',*,*,#853,.F.);
#335=ORIENTED_EDGE('',*,*,#829,.F.);
#336=ORIENTED_EDGE('',*,*,#854,.F.);
#337=ORIENTED_EDGE('',*,*,#855,.T.);
#338=ORIENTED_EDGE('',*,*,#847,.T.);
#339=ORIENTED_EDGE('',*,*,#832,.T.);
#340=ORIENTED_EDGE('',*,*,#844,.T.);
#341=ORIENTED_EDGE('',*,*,#856,.T.);
#342=ORIENTED_EDGE('',*,*,#850,.T.);
#343=ORIENTED_EDGE('',*,*,#834,.T.);
#344=ORIENTED_EDGE('',*,*,#846,.T.);
#345=ORIENTED_EDGE('',*,*,#857,.T.);
#346=ORIENTED_EDGE('',*,*,#845,.T.);
#347=ORIENTED_EDGE('',*,*,#830,.T.);
#348=ORIENTED_EDGE('',*,*,#853,.T.);
#349=ORIENTED_EDGE('',*,*,#858,.T.);
#350=ORIENTED_EDGE('',*,*,#854,.T.);
#351=ORIENTED_EDGE('',*,*,#828,.T.);
#352=ORIENTED_EDGE('',*,*,#849,.T.);
#353=ORIENTED_EDGE('',*,*,#859,.T.);
#354=ORIENTED_EDGE('',*,*,#860,.T.);
#355=ORIENTED_EDGE('',*,*,#861,.T.);
#356=ORIENTED_EDGE('',*,*,#862,.T.);
#357=ORIENTED_EDGE('',*,*,#863,.T.);
#358=ORIENTED_EDGE('',*,*,#864,.T.);
#359=ORIENTED_EDGE('',*,*,#865,.T.);
#360=ORIENTED_EDGE('',*,*,#866,.F.);
#361=ORIENTED_EDGE('',*,*,#857,.F.);
#362=ORIENTED_EDGE('',*,*,#852,.F.);
#363=ORIENTED_EDGE('',*,*,#858,.F.);
#364=ORIENTED_EDGE('',*,*,#851,.T.);
#365=ORIENTED_EDGE('',*,*,#856,.F.);
#366=ORIENTED_EDGE('',*,*,#848,.T.);
#367=ORIENTED_EDGE('',*,*,#855,.F.);
#368=ORIENTED_EDGE('',*,*,#843,.F.);
#369=ORIENTED_EDGE('',*,*,#867,.T.);
#370=ORIENTED_EDGE('',*,*,#768,.F.);
#371=ORIENTED_EDGE('',*,*,#868,.F.);
#372=ORIENTED_EDGE('',*,*,#864,.F.);
#373=ORIENTED_EDGE('',*,*,#868,.T.);
#374=ORIENTED_EDGE('',*,*,#767,.T.);
#375=ORIENTED_EDGE('',*,*,#869,.T.);
#376=ORIENTED_EDGE('',*,*,#865,.F.);
#377=ORIENTED_EDGE('',*,*,#870,.T.);
#378=ORIENTED_EDGE('',*,*,#769,.F.);
#379=ORIENTED_EDGE('',*,*,#867,.F.);
#380=ORIENTED_EDGE('',*,*,#863,.F.);
#381=ORIENTED_EDGE('',*,*,#866,.T.);
#382=ORIENTED_EDGE('',*,*,#869,.F.);
#383=ORIENTED_EDGE('',*,*,#766,.F.);
#384=ORIENTED_EDGE('',*,*,#870,.F.);
#385=ORIENTED_EDGE('',*,*,#862,.F.);
#386=ORIENTED_EDGE('',*,*,#826,.T.);
#387=ORIENTED_EDGE('',*,*,#861,.F.);
#388=ORIENTED_EDGE('',*,*,#825,.F.);
#389=ORIENTED_EDGE('',*,*,#860,.F.);
#390=ORIENTED_EDGE('',*,*,#824,.T.);
#391=ORIENTED_EDGE('',*,*,#859,.F.);
#392=ORIENTED_EDGE('',*,*,#823,.T.);
#393=ORIENTED_EDGE('',*,*,#776,.T.);
#394=ORIENTED_EDGE('',*,*,#871,.F.);
#395=ORIENTED_EDGE('',*,*,#815,.F.);
#396=ORIENTED_EDGE('',*,*,#872,.F.);
#397=ORIENTED_EDGE('',*,*,#821,.T.);
#398=ORIENTED_EDGE('',*,*,#873,.F.);
#399=ORIENTED_EDGE('',*,*,#770,.F.);
#400=ORIENTED_EDGE('',*,*,#874,.F.);
#401=ORIENTED_EDGE('',*,*,#819,.T.);
#402=ORIENTED_EDGE('',*,*,#875,.F.);
#403=ORIENTED_EDGE('',*,*,#772,.F.);
#404=ORIENTED_EDGE('',*,*,#876,.F.);
#405=ORIENTED_EDGE('',*,*,#817,.F.);
#406=ORIENTED_EDGE('',*,*,#877,.F.);
#407=ORIENTED_EDGE('',*,*,#774,.T.);
#408=ORIENTED_EDGE('',*,*,#878,.F.);
#409=ORIENTED_EDGE('',*,*,#835,.F.);
#410=ORIENTED_EDGE('',*,*,#879,.F.);
#411=ORIENTED_EDGE('',*,*,#784,.T.);
#412=ORIENTED_EDGE('',*,*,#880,.F.);
#413=ORIENTED_EDGE('',*,*,#778,.F.);
#414=ORIENTED_EDGE('',*,*,#881,.F.);
#415=ORIENTED_EDGE('',*,*,#841,.T.);
#416=ORIENTED_EDGE('',*,*,#882,.F.);
#417=ORIENTED_EDGE('',*,*,#839,.T.);
#418=ORIENTED_EDGE('',*,*,#883,.F.);
#419=ORIENTED_EDGE('',*,*,#780,.F.);
#420=ORIENTED_EDGE('',*,*,#884,.F.);
#421=ORIENTED_EDGE('',*,*,#787,.F.);
#422=ORIENTED_EDGE('',*,*,#885,.F.);
#423=ORIENTED_EDGE('',*,*,#740,.T.);
#424=ORIENTED_EDGE('',*,*,#886,.F.);
#425=ORIENTED_EDGE('',*,*,#837,.F.);
#426=ORIENTED_EDGE('',*,*,#887,.F.);
#427=ORIENTED_EDGE('',*,*,#782,.T.);
#428=ORIENTED_EDGE('',*,*,#888,.F.);
#429=ORIENTED_EDGE('',*,*,#813,.T.);
#430=ORIENTED_EDGE('',*,*,#734,.F.);
#431=ORIENTED_EDGE('',*,*,#761,.F.);
#432=ORIENTED_EDGE('',*,*,#889,.F.);
#433=ORIENTED_EDGE('',*,*,#811,.F.);
#434=ORIENTED_EDGE('',*,*,#890,.F.);
#435=ORIENTED_EDGE('',*,*,#763,.T.);
#436=ORIENTED_EDGE('',*,*,#891,.F.);
#437=ORIENTED_EDGE('',*,*,#755,.F.);
#438=ORIENTED_EDGE('',*,*,#892,.F.);
#439=ORIENTED_EDGE('',*,*,#808,.T.);
#440=ORIENTED_EDGE('',*,*,#893,.F.);
#441=ORIENTED_EDGE('',*,*,#805,.F.);
#442=ORIENTED_EDGE('',*,*,#894,.F.);
#443=ORIENTED_EDGE('',*,*,#758,.T.);
#444=ORIENTED_EDGE('',*,*,#895,.F.);
#445=ORIENTED_EDGE('',*,*,#749,.F.);
#446=ORIENTED_EDGE('',*,*,#896,.F.);
#447=ORIENTED_EDGE('',*,*,#802,.T.);
#448=ORIENTED_EDGE('',*,*,#897,.F.);
#449=ORIENTED_EDGE('',*,*,#799,.F.);
#450=ORIENTED_EDGE('',*,*,#898,.F.);
#451=ORIENTED_EDGE('',*,*,#752,.T.);
#452=ORIENTED_EDGE('',*,*,#899,.F.);
#453=ORIENTED_EDGE('',*,*,#743,.F.);
#454=ORIENTED_EDGE('',*,*,#900,.F.);
#455=ORIENTED_EDGE('',*,*,#796,.T.);
#456=ORIENTED_EDGE('',*,*,#901,.F.);
#457=ORIENTED_EDGE('',*,*,#793,.F.);
#458=ORIENTED_EDGE('',*,*,#902,.F.);
#459=ORIENTED_EDGE('',*,*,#746,.T.);
#460=ORIENTED_EDGE('',*,*,#903,.F.);
#461=ORIENTED_EDGE('',*,*,#790,.T.);
#462=ORIENTED_EDGE('',*,*,#904,.F.);
#463=ORIENTED_EDGE('',*,*,#737,.F.);
#464=ORIENTED_EDGE('',*,*,#905,.F.);
#465=ORIENTED_EDGE('',*,*,#822,.T.);
#466=ORIENTED_EDGE('',*,*,#874,.T.);
#467=ORIENTED_EDGE('',*,*,#777,.T.);
#468=ORIENTED_EDGE('',*,*,#872,.T.);
#469=ORIENTED_EDGE('',*,*,#820,.T.);
#470=ORIENTED_EDGE('',*,*,#876,.T.);
#471=ORIENTED_EDGE('',*,*,#771,.T.);
#472=ORIENTED_EDGE('',*,*,#873,.T.);
#473=ORIENTED_EDGE('',*,*,#818,.T.);
#474=ORIENTED_EDGE('',*,*,#878,.T.);
#475=ORIENTED_EDGE('',*,*,#773,.T.);
#476=ORIENTED_EDGE('',*,*,#875,.T.);
#477=ORIENTED_EDGE('',*,*,#816,.T.);
#478=ORIENTED_EDGE('',*,*,#871,.T.);
#479=ORIENTED_EDGE('',*,*,#775,.T.);
#480=ORIENTED_EDGE('',*,*,#877,.T.);
#481=ORIENTED_EDGE('',*,*,#742,.T.);
#482=ORIENTED_EDGE('',*,*,#700,.T.);
#483=ORIENTED_EDGE('',*,*,#791,.T.);
#484=ORIENTED_EDGE('',*,*,#905,.T.);
#485=ORIENTED_EDGE('',*,*,#738,.T.);
#486=ORIENTED_EDGE('',*,*,#904,.T.);
#487=ORIENTED_EDGE('',*,*,#789,.T.);
#488=ORIENTED_EDGE('',*,*,#704,.T.);
#489=ORIENTED_EDGE('',*,*,#788,.T.);
#490=ORIENTED_EDGE('',*,*,#886,.T.);
#491=ORIENTED_EDGE('',*,*,#739,.T.);
#492=ORIENTED_EDGE('',*,*,#702,.T.);
#493=ORIENTED_EDGE('',*,*,#786,.T.);
#494=ORIENTED_EDGE('',*,*,#698,.T.);
#495=ORIENTED_EDGE('',*,*,#741,.T.);
#496=ORIENTED_EDGE('',*,*,#885,.T.);
#497=ORIENTED_EDGE('',*,*,#744,.T.);
#498=ORIENTED_EDGE('',*,*,#901,.T.);
#499=ORIENTED_EDGE('',*,*,#795,.T.);
#500=ORIENTED_EDGE('',*,*,#712,.T.);
#501=ORIENTED_EDGE('',*,*,#745,.T.);
#502=ORIENTED_EDGE('',*,*,#710,.T.);
#503=ORIENTED_EDGE('',*,*,#794,.T.);
#504=ORIENTED_EDGE('',*,*,#903,.T.);
#505=ORIENTED_EDGE('',*,*,#747,.T.);
#506=ORIENTED_EDGE('',*,*,#902,.T.);
#507=ORIENTED_EDGE('',*,*,#792,.T.);
#508=ORIENTED_EDGE('',*,*,#708,.T.);
#509=ORIENTED_EDGE('',*,*,#748,.T.);
#510=ORIENTED_EDGE('',*,*,#706,.T.);
#511=ORIENTED_EDGE('',*,*,#797,.T.);
#512=ORIENTED_EDGE('',*,*,#900,.T.);
#513=ORIENTED_EDGE('',*,*,#751,.T.);
#514=ORIENTED_EDGE('',*,*,#720,.T.);
#515=ORIENTED_EDGE('',*,*,#800,.T.);
#516=ORIENTED_EDGE('',*,*,#899,.T.);
#517=ORIENTED_EDGE('',*,*,#753,.T.);
#518=ORIENTED_EDGE('',*,*,#898,.T.);
#519=ORIENTED_EDGE('',*,*,#798,.T.);
#520=ORIENTED_EDGE('',*,*,#716,.T.);
#521=ORIENTED_EDGE('',*,*,#750,.T.);
#522=ORIENTED_EDGE('',*,*,#897,.T.);
#523=ORIENTED_EDGE('',*,*,#801,.T.);
#524=ORIENTED_EDGE('',*,*,#718,.T.);
#525=ORIENTED_EDGE('',*,*,#754,.T.);
#526=ORIENTED_EDGE('',*,*,#714,.T.);
#527=ORIENTED_EDGE('',*,*,#803,.T.);
#528=ORIENTED_EDGE('',*,*,#896,.T.);
#529=ORIENTED_EDGE('',*,*,#757,.T.);
#530=ORIENTED_EDGE('',*,*,#728,.T.);
#531=ORIENTED_EDGE('',*,*,#806,.T.);
#532=ORIENTED_EDGE('',*,*,#895,.T.);
#533=ORIENTED_EDGE('',*,*,#759,.T.);
#534=ORIENTED_EDGE('',*,*,#894,.T.);
#535=ORIENTED_EDGE('',*,*,#804,.T.);
#536=ORIENTED_EDGE('',*,*,#724,.T.);
#537=ORIENTED_EDGE('',*,*,#756,.T.);
#538=ORIENTED_EDGE('',*,*,#893,.T.);
#539=ORIENTED_EDGE('',*,*,#807,.T.);
#540=ORIENTED_EDGE('',*,*,#726,.T.);
#541=ORIENTED_EDGE('',*,*,#760,.T.);
#542=ORIENTED_EDGE('',*,*,#722,.T.);
#543=ORIENTED_EDGE('',*,*,#809,.T.);
#544=ORIENTED_EDGE('',*,*,#892,.T.);
#545=ORIENTED_EDGE('',*,*,#762,.T.);
#546=ORIENTED_EDGE('',*,*,#736,.T.);
#547=ORIENTED_EDGE('',*,*,#812,.T.);
#548=ORIENTED_EDGE('',*,*,#891,.T.);
#549=ORIENTED_EDGE('',*,*,#764,.T.);
#550=ORIENTED_EDGE('',*,*,#890,.T.);
#551=ORIENTED_EDGE('',*,*,#810,.T.);
#552=ORIENTED_EDGE('',*,*,#732,.T.);
#553=ORIENTED_EDGE('',*,*,#765,.T.);
#554=ORIENTED_EDGE('',*,*,#730,.T.);
#555=ORIENTED_EDGE('',*,*,#814,.T.);
#556=ORIENTED_EDGE('',*,*,#889,.T.);
#557=ORIENTED_EDGE('',*,*,#840,.T.);
#558=ORIENTED_EDGE('',*,*,#884,.T.);
#559=ORIENTED_EDGE('',*,*,#779,.T.);
#560=ORIENTED_EDGE('',*,*,#882,.T.);
#561=ORIENTED_EDGE('',*,*,#781,.T.);
#562=ORIENTED_EDGE('',*,*,#883,.T.);
#563=ORIENTED_EDGE('',*,*,#838,.T.);
#564=ORIENTED_EDGE('',*,*,#888,.T.);
#565=ORIENTED_EDGE('',*,*,#783,.T.);
#566=ORIENTED_EDGE('',*,*,#887,.T.);
#567=ORIENTED_EDGE('',*,*,#836,.T.);
#568=ORIENTED_EDGE('',*,*,#880,.T.);
#569=ORIENTED_EDGE('',*,*,#842,.T.);
#570=ORIENTED_EDGE('',*,*,#881,.T.);
#571=ORIENTED_EDGE('',*,*,#785,.T.);
#572=ORIENTED_EDGE('',*,*,#879,.T.);
#573=ORIENTED_EDGE('',*,*,#906,.T.);
#574=ORIENTED_EDGE('',*,*,#907,.T.);
#575=ORIENTED_EDGE('',*,*,#908,.T.);
#576=ORIENTED_EDGE('',*,*,#909,.T.);
#577=ORIENTED_EDGE('',*,*,#910,.T.);
#578=ORIENTED_EDGE('',*,*,#911,.F.);
#579=ORIENTED_EDGE('',*,*,#912,.T.);
#580=ORIENTED_EDGE('',*,*,#913,.T.);
#581=ORIENTED_EDGE('',*,*,#914,.F.);
#582=ORIENTED_EDGE('',*,*,#915,.T.);
#583=ORIENTED_EDGE('',*,*,#916,.T.);
#584=ORIENTED_EDGE('',*,*,#917,.T.);
#585=ORIENTED_EDGE('',*,*,#918,.F.);
#586=ORIENTED_EDGE('',*,*,#919,.T.);
#587=ORIENTED_EDGE('',*,*,#920,.T.);
#588=ORIENTED_EDGE('',*,*,#921,.F.);
#589=ORIENTED_EDGE('',*,*,#922,.T.);
#590=ORIENTED_EDGE('',*,*,#923,.T.);
#591=ORIENTED_EDGE('',*,*,#924,.F.);
#592=ORIENTED_EDGE('',*,*,#925,.T.);
#593=ORIENTED_EDGE('',*,*,#926,.T.);
#594=ORIENTED_EDGE('',*,*,#927,.T.);
#595=ORIENTED_EDGE('',*,*,#928,.T.);
#596=ORIENTED_EDGE('',*,*,#929,.T.);
#597=ORIENTED_EDGE('',*,*,#930,.F.);
#598=ORIENTED_EDGE('',*,*,#931,.F.);
#599=ORIENTED_EDGE('',*,*,#932,.F.);
#600=ORIENTED_EDGE('',*,*,#933,.F.);
#601=ORIENTED_EDGE('',*,*,#934,.F.);
#602=ORIENTED_EDGE('',*,*,#914,.T.);
#603=ORIENTED_EDGE('',*,*,#935,.F.);
#604=ORIENTED_EDGE('',*,*,#936,.F.);
#605=ORIENTED_EDGE('',*,*,#918,.T.);
#606=ORIENTED_EDGE('',*,*,#937,.T.);
#607=ORIENTED_EDGE('',*,*,#923,.F.);
#608=ORIENTED_EDGE('',*,*,#938,.T.);
#609=ORIENTED_EDGE('',*,*,#939,.F.);
#610=ORIENTED_EDGE('',*,*,#940,.T.);
#611=ORIENTED_EDGE('',*,*,#941,.T.);
#612=ORIENTED_EDGE('',*,*,#942,.T.);
#613=ORIENTED_EDGE('',*,*,#927,.F.);
#614=ORIENTED_EDGE('',*,*,#943,.T.);
#615=ORIENTED_EDGE('',*,*,#911,.T.);
#616=ORIENTED_EDGE('',*,*,#944,.T.);
#617=ORIENTED_EDGE('',*,*,#908,.F.);
#618=ORIENTED_EDGE('',*,*,#945,.T.);
#619=ORIENTED_EDGE('',*,*,#924,.T.);
#620=ORIENTED_EDGE('',*,*,#946,.T.);
#621=ORIENTED_EDGE('',*,*,#947,.F.);
#622=ORIENTED_EDGE('',*,*,#920,.F.);
#623=ORIENTED_EDGE('',*,*,#937,.F.);
#624=ORIENTED_EDGE('',*,*,#917,.F.);
#625=ORIENTED_EDGE('',*,*,#945,.F.);
#626=ORIENTED_EDGE('',*,*,#907,.F.);
#627=ORIENTED_EDGE('',*,*,#948,.F.);
#628=ORIENTED_EDGE('',*,*,#925,.F.);
#629=ORIENTED_EDGE('',*,*,#906,.F.);
#630=ORIENTED_EDGE('',*,*,#943,.F.);
#631=ORIENTED_EDGE('',*,*,#926,.F.);
#632=ORIENTED_EDGE('',*,*,#948,.T.);
#633=ORIENTED_EDGE('',*,*,#949,.F.);
#634=ORIENTED_EDGE('',*,*,#909,.F.);
#635=ORIENTED_EDGE('',*,*,#946,.F.);
#636=ORIENTED_EDGE('',*,*,#929,.F.);
#637=ORIENTED_EDGE('',*,*,#910,.F.);
#638=ORIENTED_EDGE('',*,*,#949,.T.);
#639=ORIENTED_EDGE('',*,*,#928,.F.);
#640=ORIENTED_EDGE('',*,*,#944,.F.);
#641=ORIENTED_EDGE('',*,*,#915,.F.);
#642=ORIENTED_EDGE('',*,*,#934,.T.);
#643=ORIENTED_EDGE('',*,*,#950,.T.);
#644=ORIENTED_EDGE('',*,*,#951,.T.);
#645=ORIENTED_EDGE('',*,*,#913,.F.);
#646=ORIENTED_EDGE('',*,*,#952,.F.);
#647=ORIENTED_EDGE('',*,*,#953,.F.);
#648=ORIENTED_EDGE('',*,*,#935,.T.);
#649=ORIENTED_EDGE('',*,*,#912,.F.);
#650=ORIENTED_EDGE('',*,*,#951,.F.);
#651=ORIENTED_EDGE('',*,*,#954,.F.);
#652=ORIENTED_EDGE('',*,*,#952,.T.);
#653=ORIENTED_EDGE('',*,*,#939,.T.);
#654=ORIENTED_EDGE('',*,*,#955,.T.);
#655=ORIENTED_EDGE('',*,*,#956,.F.);
#656=ORIENTED_EDGE('',*,*,#957,.T.);
#657=ORIENTED_EDGE('',*,*,#958,.T.);
#658=ORIENTED_EDGE('',*,*,#959,.T.);
#659=ORIENTED_EDGE('',*,*,#941,.F.);
#660=ORIENTED_EDGE('',*,*,#960,.T.);
#661=ORIENTED_EDGE('',*,*,#956,.T.);
#662=ORIENTED_EDGE('',*,*,#961,.T.);
#663=ORIENTED_EDGE('',*,*,#921,.T.);
#664=ORIENTED_EDGE('',*,*,#947,.T.);
#665=ORIENTED_EDGE('',*,*,#916,.F.);
#666=ORIENTED_EDGE('',*,*,#962,.T.);
#667=ORIENTED_EDGE('',*,*,#958,.F.);
#668=ORIENTED_EDGE('',*,*,#963,.T.);
#669=ORIENTED_EDGE('',*,*,#936,.T.);
#670=ORIENTED_EDGE('',*,*,#953,.T.);
#671=ORIENTED_EDGE('',*,*,#954,.T.);
#672=ORIENTED_EDGE('',*,*,#950,.F.);
#673=ORIENTED_EDGE('',*,*,#938,.F.);
#674=ORIENTED_EDGE('',*,*,#922,.F.);
#675=ORIENTED_EDGE('',*,*,#961,.F.);
#676=ORIENTED_EDGE('',*,*,#955,.F.);
#677=ORIENTED_EDGE('',*,*,#942,.F.);
#678=ORIENTED_EDGE('',*,*,#959,.F.);
#679=ORIENTED_EDGE('',*,*,#962,.F.);
#680=ORIENTED_EDGE('',*,*,#919,.F.);
#681=ORIENTED_EDGE('',*,*,#940,.F.);
#682=ORIENTED_EDGE('',*,*,#957,.F.);
#683=ORIENTED_EDGE('',*,*,#963,.F.);
#684=ORIENTED_EDGE('',*,*,#960,.F.);
#685=ORIENTED_EDGE('',*,*,#964,.F.);
#686=ORIENTED_EDGE('',*,*,#933,.T.);
#687=ORIENTED_EDGE('',*,*,#964,.T.);
#688=ORIENTED_EDGE('',*,*,#932,.T.);
#689=ORIENTED_EDGE('',*,*,#965,.F.);
#690=ORIENTED_EDGE('',*,*,#965,.T.);
#691=ORIENTED_EDGE('',*,*,#966,.F.);
#692=ORIENTED_EDGE('',*,*,#931,.T.);
#693=ORIENTED_EDGE('',*,*,#966,.T.);
#694=ORIENTED_EDGE('',*,*,#967,.F.);
#695=ORIENTED_EDGE('',*,*,#930,.T.);
#696=ORIENTED_EDGE('',*,*,#967,.T.);
#697=EDGE_CURVE('',#968,#969,#1154,.T.);
#698=EDGE_CURVE('',#970,#969,#1155,.T.);
#699=EDGE_CURVE('',#971,#970,#1156,.T.);
#700=EDGE_CURVE('',#968,#971,#1157,.T.);
#701=EDGE_CURVE('',#972,#973,#1158,.T.);
#702=EDGE_CURVE('',#974,#973,#1159,.F.);
#703=EDGE_CURVE('',#975,#974,#1160,.T.);
#704=EDGE_CURVE('',#972,#975,#1161,.F.);
#705=EDGE_CURVE('',#976,#977,#1162,.T.);
#706=EDGE_CURVE('',#978,#976,#1163,.T.);
#707=EDGE_CURVE('',#978,#979,#1164,.T.);
#708=EDGE_CURVE('',#977,#979,#1165,.F.);
#709=EDGE_CURVE('',#980,#981,#1166,.T.);
#710=EDGE_CURVE('',#982,#981,#1167,.T.);
#711=EDGE_CURVE('',#983,#982,#1168,.T.);
#712=EDGE_CURVE('',#980,#983,#1169,.F.);
#713=EDGE_CURVE('',#984,#985,#1170,.T.);
#714=EDGE_CURVE('',#986,#984,#1171,.T.);
#715=EDGE_CURVE('',#986,#987,#1172,.T.);
#716=EDGE_CURVE('',#985,#987,#1173,.F.);
#717=EDGE_CURVE('',#988,#989,#1174,.T.);
#718=EDGE_CURVE('',#990,#988,#1175,.F.);
#719=EDGE_CURVE('',#990,#991,#1176,.T.);
#720=EDGE_CURVE('',#989,#991,#1177,.T.);
#721=EDGE_CURVE('',#992,#993,#1178,.T.);
#722=EDGE_CURVE('',#994,#992,#1179,.T.);
#723=EDGE_CURVE('',#994,#995,#1180,.T.);
#724=EDGE_CURVE('',#993,#995,#1181,.F.);
#725=EDGE_CURVE('',#996,#997,#1182,.T.);
#726=EDGE_CURVE('',#998,#996,#1183,.F.);
#727=EDGE_CURVE('',#998,#999,#1184,.T.);
#728=EDGE_CURVE('',#997,#999,#1185,.T.);
#729=EDGE_CURVE('',#1000,#1001,#1186,.T.);
#730=EDGE_CURVE('',#1002,#1000,#1187,.T.);
#731=EDGE_CURVE('',#1002,#1003,#1188,.T.);
#732=EDGE_CURVE('',#1001,#1003,#1189,.F.);
#733=EDGE_CURVE('',#1004,#1005,#1190,.T.);
#734=EDGE_CURVE('',#1004,#1006,#1191,.T.);
#735=EDGE_CURVE('',#1006,#1007,#1192,.T.);
#736=EDGE_CURVE('',#1005,#1007,#1193,.T.);
#737=EDGE_CURVE('',#1008,#1009,#1194,.T.);
#738=EDGE_CURVE('',#975,#1009,#61,.F.);
#739=EDGE_CURVE('',#1010,#974,#62,.F.);
#740=EDGE_CURVE('',#1011,#1010,#1195,.T.);
#741=EDGE_CURVE('',#969,#1011,#63,.F.);
#742=EDGE_CURVE('',#1008,#968,#64,.F.);
#743=EDGE_CURVE('',#1012,#1013,#1196,.T.);
#744=EDGE_CURVE('',#983,#1013,#65,.F.);
#745=EDGE_CURVE('',#1014,#982,#66,.F.);
#746=EDGE_CURVE('',#1015,#1014,#1197,.T.);
#747=EDGE_CURVE('',#979,#1015,#67,.F.);
#748=EDGE_CURVE('',#1012,#978,#68,.F.);
#749=EDGE_CURVE('',#1016,#1017,#1198,.T.);
#750=EDGE_CURVE('',#988,#1017,#69,.F.);
#751=EDGE_CURVE('',#1018,#989,#70,.F.);
#752=EDGE_CURVE('',#1019,#1018,#1199,.T.);
#753=EDGE_CURVE('',#987,#1019,#71,.F.);
#754=EDGE_CURVE('',#1016,#986,#72,.F.);
#755=EDGE_CURVE('',#1020,#1021,#1200,.T.);
#756=EDGE_CURVE('',#996,#1021,#73,.F.);
#757=EDGE_CURVE('',#1022,#997,#74,.F.);
#758=EDGE_CURVE('',#1023,#1022,#1201,.T.);
#759=EDGE_CURVE('',#995,#1023,#75,.F.);
#760=EDGE_CURVE('',#1020,#994,#76,.F.);
#761=EDGE_CURVE('',#1024,#1004,#1202,.T.);
#762=EDGE_CURVE('',#1025,#1005,#77,.F.);
#763=EDGE_CURVE('',#1026,#1025,#1203,.T.);
#764=EDGE_CURVE('',#1003,#1026,#78,.F.);
#765=EDGE_CURVE('',#1024,#1002,#79,.F.);
#766=EDGE_CURVE('',#1027,#1028,#1204,.T.);
#767=EDGE_CURVE('',#1029,#1028,#1205,.T.);
#768=EDGE_CURVE('',#1029,#1030,#1206,.T.);
#769=EDGE_CURVE('',#1030,#1027,#1207,.T.);
#770=EDGE_CURVE('',#1031,#1032,#1208,.T.);
#771=EDGE_CURVE('',#1033,#1032,#80,.F.);
#772=EDGE_CURVE('',#1033,#1034,#1209,.T.);
#773=EDGE_CURVE('',#1035,#1034,#81,.F.);
#774=EDGE_CURVE('',#1036,#1035,#1210,.T.);
#775=EDGE_CURVE('',#1037,#1036,#82,.F.);
#776=EDGE_CURVE('',#1038,#1037,#1211,.T.);
#777=EDGE_CURVE('',#1031,#1038,#83,.F.);
#778=EDGE_CURVE('',#1039,#1040,#1212,.T.);
#779=EDGE_CURVE('',#1041,#1040,#84,.F.);
#780=EDGE_CURVE('',#1041,#1042,#1213,.T.);
#781=EDGE_CURVE('',#1043,#1042,#85,.F.);
#782=EDGE_CURVE('',#1044,#1043,#1214,.T.);
#783=EDGE_CURVE('',#1045,#1044,#86,.F.);
#784=EDGE_CURVE('',#1046,#1045,#1215,.T.);
#785=EDGE_CURVE('',#1039,#1046,#87,.F.);
#786=EDGE_CURVE('',#1047,#970,#88,.T.);
#787=EDGE_CURVE('',#1047,#1048,#1216,.T.);
#788=EDGE_CURVE('',#973,#1048,#89,.T.);
#789=EDGE_CURVE('',#1049,#972,#90,.T.);
#790=EDGE_CURVE('',#1050,#1049,#1217,.T.);
#791=EDGE_CURVE('',#971,#1050,#91,.T.);
#792=EDGE_CURVE('',#1051,#977,#92,.T.);
#793=EDGE_CURVE('',#1051,#1052,#1218,.T.);
#794=EDGE_CURVE('',#981,#1052,#93,.T.);
#795=EDGE_CURVE('',#1053,#980,#94,.T.);
#796=EDGE_CURVE('',#1054,#1053,#1219,.T.);
#797=EDGE_CURVE('',#976,#1054,#95,.T.);
#798=EDGE_CURVE('',#1055,#985,#96,.T.);
#799=EDGE_CURVE('',#1055,#1056,#1220,.T.);
#800=EDGE_CURVE('',#991,#1056,#97,.T.);
#801=EDGE_CURVE('',#1057,#990,#98,.T.);
#802=EDGE_CURVE('',#1058,#1057,#1221,.T.);
#803=EDGE_CURVE('',#984,#1058,#99,.T.);
#804=EDGE_CURVE('',#1059,#993,#100,.T.);
#805=EDGE_CURVE('',#1059,#1060,#1222,.T.);
#806=EDGE_CURVE('',#999,#1060,#101,.T.);
#807=EDGE_CURVE('',#1061,#998,#102,.T.);
#808=EDGE_CURVE('',#1062,#1061,#1223,.T.);
#809=EDGE_CURVE('',#992,#1062,#103,.T.);
#810=EDGE_CURVE('',#1063,#1001,#104,.T.);
#811=EDGE_CURVE('',#1063,#1064,#1224,.T.);
#812=EDGE_CURVE('',#1007,#1064,#105,.T.);
#813=EDGE_CURVE('',#1065,#1006,#1225,.T.);
#814=EDGE_CURVE('',#1000,#1065,#106,.T.);
#815=EDGE_CURVE('',#1066,#1067,#1226,.T.);
#816=EDGE_CURVE('',#1068,#1067,#107,.T.);
#817=EDGE_CURVE('',#1068,#1069,#1227,.T.);
#818=EDGE_CURVE('',#1070,#1069,#108,.T.);
#819=EDGE_CURVE('',#1071,#1070,#1228,.T.);
#820=EDGE_CURVE('',#1072,#1071,#109,.T.);
#821=EDGE_CURVE('',#1073,#1072,#1229,.T.);
#822=EDGE_CURVE('',#1066,#1073,#110,.T.);
#823=EDGE_CURVE('',#1074,#1074,#111,.T.);
#824=EDGE_CURVE('',#1075,#1075,#112,.T.);
#825=EDGE_CURVE('',#1076,#1076,#113,.F.);
#826=EDGE_CURVE('',#1077,#1077,#114,.T.);
#827=EDGE_CURVE('',#1078,#1079,#1230,.T.);
#828=EDGE_CURVE('',#1080,#1078,#115,.F.);
#829=EDGE_CURVE('',#1080,#1081,#1231,.T.);
#830=EDGE_CURVE('',#1082,#1081,#116,.F.);
#831=EDGE_CURVE('',#1082,#1083,#1232,.T.);
#832=EDGE_CURVE('',#1084,#1083,#117,.F.);
#833=EDGE_CURVE('',#1085,#1084,#1233,.T.);
#834=EDGE_CURVE('',#1079,#1085,#118,.F.);
#835=EDGE_CURVE('',#1086,#1087,#1234,.T.);
#836=EDGE_CURVE('',#1088,#1087,#119,.T.);
#837=EDGE_CURVE('',#1088,#1089,#1235,.T.);
#838=EDGE_CURVE('',#1090,#1089,#120,.T.);
#839=EDGE_CURVE('',#1091,#1090,#1236,.T.);
#840=EDGE_CURVE('',#1092,#1091,#121,.T.);
#841=EDGE_CURVE('',#1093,#1092,#1237,.T.);
#842=EDGE_CURVE('',#1086,#1093,#122,.T.);
#843=EDGE_CURVE('',#1094,#1095,#1238,.T.);
#844=EDGE_CURVE('',#1083,#1095,#1239,.F.);
#845=EDGE_CURVE('',#1094,#1082,#1240,.T.);
#846=EDGE_CURVE('',#1085,#1096,#1241,.F.);
#847=EDGE_CURVE('',#1097,#1084,#1242,.T.);
#848=EDGE_CURVE('',#1096,#1097,#1243,.T.);
#849=EDGE_CURVE('',#1078,#1098,#1244,.F.);
#850=EDGE_CURVE('',#1099,#1079,#1245,.T.);
#851=EDGE_CURVE('',#1098,#1099,#1246,.T.);
#852=EDGE_CURVE('',#1100,#1101,#1247,.T.);
#853=EDGE_CURVE('',#1081,#1101,#1248,.F.);
#854=EDGE_CURVE('',#1100,#1080,#1249,.T.);
#855=EDGE_CURVE('',#1095,#1097,#123,.T.);
#856=EDGE_CURVE('',#1096,#1099,#124,.T.);
#857=EDGE_CURVE('',#1101,#1094,#125,.T.);
#858=EDGE_CURVE('',#1098,#1100,#126,.T.);
#859=EDGE_CURVE('',#1102,#1102,#127,.T.);
#860=EDGE_CURVE('',#1103,#1103,#128,.T.);
#861=EDGE_CURVE('',#1104,#1104,#129,.T.);
#862=EDGE_CURVE('',#1105,#1105,#130,.T.);
#863=EDGE_CURVE('',#1106,#1107,#1250,.T.);
#864=EDGE_CURVE('',#1107,#1108,#1251,.T.);
#865=EDGE_CURVE('',#1108,#1109,#1252,.T.);
#866=EDGE_CURVE('',#1106,#1109,#1253,.T.);
#867=EDGE_CURVE('',#1107,#1030,#1254,.T.);
#868=EDGE_CURVE('',#1108,#1029,#1255,.T.);
#869=EDGE_CURVE('',#1028,#1109,#1256,.T.);
#870=EDGE_CURVE('',#1106,#1027,#1257,.T.);
#871=EDGE_CURVE('',#1067,#1037,#1258,.T.);
#872=EDGE_CURVE('',#1038,#1066,#1259,.F.);
#873=EDGE_CURVE('',#1032,#1072,#1260,.F.);
#874=EDGE_CURVE('',#1073,#1031,#1261,.T.);
#875=EDGE_CURVE('',#1034,#1070,#1262,.F.);
#876=EDGE_CURVE('',#1071,#1033,#1263,.T.);
#877=EDGE_CURVE('',#1036,#1068,#1264,.F.);
#878=EDGE_CURVE('',#1069,#1035,#1265,.T.);
#879=EDGE_CURVE('',#1046,#1086,#1266,.F.);
#880=EDGE_CURVE('',#1087,#1045,#1267,.F.);
#881=EDGE_CURVE('',#1093,#1039,#1268,.T.);
#882=EDGE_CURVE('',#1040,#1092,#1269,.F.);
#883=EDGE_CURVE('',#1042,#1090,#1270,.T.);
#884=EDGE_CURVE('',#1091,#1041,#1271,.T.);
#885=EDGE_CURVE('',#1011,#1047,#1272,.F.);
#886=EDGE_CURVE('',#1048,#1010,#1273,.T.);
#887=EDGE_CURVE('',#1044,#1088,#1274,.T.);
#888=EDGE_CURVE('',#1089,#1043,#1275,.F.);
#889=EDGE_CURVE('',#1065,#1024,#1276,.F.);
#890=EDGE_CURVE('',#1026,#1063,#1277,.T.);
#891=EDGE_CURVE('',#1064,#1025,#1278,.F.);
#892=EDGE_CURVE('',#1062,#1020,#1279,.F.);
#893=EDGE_CURVE('',#1021,#1061,#1280,.T.);
#894=EDGE_CURVE('',#1023,#1059,#1281,.T.);
#895=EDGE_CURVE('',#1060,#1022,#1282,.F.);
#896=EDGE_CURVE('',#1058,#1016,#1283,.F.);
#897=EDGE_CURVE('',#1017,#1057,#1284,.T.);
#898=EDGE_CURVE('',#1019,#1055,#1285,.T.);
#899=EDGE_CURVE('',#1056,#1018,#1286,.F.);
#900=EDGE_CURVE('',#1054,#1012,#1287,.F.);
#901=EDGE_CURVE('',#1013,#1053,#1288,.T.);
#902=EDGE_CURVE('',#1015,#1051,#1289,.T.);
#903=EDGE_CURVE('',#1052,#1014,#1290,.F.);
#904=EDGE_CURVE('',#1009,#1049,#1291,.T.);
#905=EDGE_CURVE('',#1050,#1008,#1292,.F.);
#906=EDGE_CURVE('',#1110,#1111,#131,.T.);
#907=EDGE_CURVE('',#1111,#1112,#132,.T.);
#908=EDGE_CURVE('',#1112,#1113,#1293,.T.);
#909=EDGE_CURVE('',#1113,#1114,#133,.T.);
#910=EDGE_CURVE('',#1114,#1115,#134,.T.);
#911=EDGE_CURVE('',#1110,#1115,#1294,.T.);
#912=EDGE_CURVE('',#1116,#1117,#1295,.T.);
#913=EDGE_CURVE('',#1117,#1118,#1296,.T.);
#914=EDGE_CURVE('',#1119,#1118,#1297,.T.);
#915=EDGE_CURVE('',#1119,#1116,#1298,.T.);
#916=EDGE_CURVE('',#1120,#1121,#1299,.T.);
#917=EDGE_CURVE('',#1121,#1122,#1300,.F.);
#918=EDGE_CURVE('',#1123,#1122,#1301,.T.);
#919=EDGE_CURVE('',#1123,#1120,#1302,.T.);
#920=EDGE_CURVE('',#1124,#1125,#1303,.T.);
#921=EDGE_CURVE('',#1126,#1125,#1304,.T.);
#922=EDGE_CURVE('',#1126,#1127,#1305,.F.);
#923=EDGE_CURVE('',#1127,#1124,#1306,.T.);
#924=EDGE_CURVE('',#1128,#1129,#1307,.T.);
#925=EDGE_CURVE('',#1128,#1130,#135,.F.);
#926=EDGE_CURVE('',#1130,#1131,#136,.F.);
#927=EDGE_CURVE('',#1131,#1132,#1308,.T.);
#928=EDGE_CURVE('',#1132,#1133,#137,.F.);
#929=EDGE_CURVE('',#1133,#1129,#138,.F.);
#930=EDGE_CURVE('',#1134,#1134,#139,.T.);
#931=EDGE_CURVE('',#1135,#1135,#140,.T.);
#932=EDGE_CURVE('',#1136,#1136,#141,.T.);
#933=EDGE_CURVE('',#1137,#1137,#142,.T.);
#934=EDGE_CURVE('',#1119,#1138,#1309,.T.);
#935=EDGE_CURVE('',#1139,#1118,#1310,.T.);
#936=EDGE_CURVE('',#1138,#1139,#1311,.T.);
#937=EDGE_CURVE('',#1122,#1124,#143,.T.);
#938=EDGE_CURVE('',#1127,#1140,#144,.T.);
#939=EDGE_CURVE('',#1141,#1140,#1312,.T.);
#940=EDGE_CURVE('',#1141,#1142,#145,.T.);
#941=EDGE_CURVE('',#1142,#1143,#1313,.T.);
#942=EDGE_CURVE('',#1143,#1123,#146,.T.);
#943=EDGE_CURVE('',#1131,#1110,#1314,.F.);
#944=EDGE_CURVE('',#1115,#1132,#1315,.T.);
#945=EDGE_CURVE('',#1112,#1128,#1316,.T.);
#946=EDGE_CURVE('',#1129,#1113,#1317,.F.);
#947=EDGE_CURVE('',#1125,#1121,#147,.F.);
#948=EDGE_CURVE('',#1130,#1111,#1318,.T.);
#949=EDGE_CURVE('',#1114,#1133,#1319,.T.);
#950=EDGE_CURVE('',#1138,#1144,#1320,.T.);
#951=EDGE_CURVE('',#1144,#1116,#1321,.T.);
#952=EDGE_CURVE('',#1145,#1117,#1322,.T.);
#953=EDGE_CURVE('',#1139,#1145,#1323,.T.);
#954=EDGE_CURVE('',#1145,#1144,#1324,.T.);
#955=EDGE_CURVE('',#1140,#1146,#1325,.T.);
#956=EDGE_CURVE('',#1147,#1146,#1326,.T.);
#957=EDGE_CURVE('',#1147,#1141,#1327,.F.);
#958=EDGE_CURVE('',#1148,#1149,#1328,.T.);
#959=EDGE_CURVE('',#1149,#1143,#1329,.F.);
#960=EDGE_CURVE('',#1142,#1148,#1330,.T.);
#961=EDGE_CURVE('',#1146,#1126,#148,.F.);
#962=EDGE_CURVE('',#1120,#1149,#149,.F.);
#963=EDGE_CURVE('',#1148,#1147,#150,.F.);
#964=EDGE_CURVE('',#1150,#1150,#151,.T.);
#965=EDGE_CURVE('',#1151,#1151,#152,.T.);
#966=EDGE_CURVE('',#1152,#1152,#153,.T.);
#967=EDGE_CURVE('',#1153,#1153,#154,.T.);
#968=VERTEX_POINT('',#2749);
#969=VERTEX_POINT('',#2750);
#970=VERTEX_POINT('',#2752);
#971=VERTEX_POINT('',#2754);
#972=VERTEX_POINT('',#2758);
#973=VERTEX_POINT('',#2759);
#974=VERTEX_POINT('',#2761);
#975=VERTEX_POINT('',#2763);
#976=VERTEX_POINT('',#2767);
#977=VERTEX_POINT('',#2768);
#978=VERTEX_POINT('',#2770);
#979=VERTEX_POINT('',#2772);
#980=VERTEX_POINT('',#2776);
#981=VERTEX_POINT('',#2777);
#982=VERTEX_POINT('',#2779);
#983=VERTEX_POINT('',#2781);
#984=VERTEX_POINT('',#2785);
#985=VERTEX_POINT('',#2786);
#986=VERTEX_POINT('',#2788);
#987=VERTEX_POINT('',#2790);
#988=VERTEX_POINT('',#2794);
#989=VERTEX_POINT('',#2795);
#990=VERTEX_POINT('',#2797);
#991=VERTEX_POINT('',#2799);
#992=VERTEX_POINT('',#2803);
#993=VERTEX_POINT('',#2804);
#994=VERTEX_POINT('',#2806);
#995=VERTEX_POINT('',#2808);
#996=VERTEX_POINT('',#2812);
#997=VERTEX_POINT('',#2813);
#998=VERTEX_POINT('',#2815);
#999=VERTEX_POINT('',#2817);
#1000=VERTEX_POINT('',#2821);
#1001=VERTEX_POINT('',#2822);
#1002=VERTEX_POINT('',#2824);
#1003=VERTEX_POINT('',#2826);
#1004=VERTEX_POINT('',#2830);
#1005=VERTEX_POINT('',#2831);
#1006=VERTEX_POINT('',#2833);
#1007=VERTEX_POINT('',#2835);
#1008=VERTEX_POINT('',#2839);
#1009=VERTEX_POINT('',#2840);
#1010=VERTEX_POINT('',#2843);
#1011=VERTEX_POINT('',#2845);
#1012=VERTEX_POINT('',#2849);
#1013=VERTEX_POINT('',#2850);
#1014=VERTEX_POINT('',#2853);
#1015=VERTEX_POINT('',#2855);
#1016=VERTEX_POINT('',#2859);
#1017=VERTEX_POINT('',#2860);
#1018=VERTEX_POINT('',#2863);
#1019=VERTEX_POINT('',#2865);
#1020=VERTEX_POINT('',#2869);
#1021=VERTEX_POINT('',#2870);
#1022=VERTEX_POINT('',#2873);
#1023=VERTEX_POINT('',#2875);
#1024=VERTEX_POINT('',#2879);
#1025=VERTEX_POINT('',#2881);
#1026=VERTEX_POINT('',#2883);
#1027=VERTEX_POINT('',#2887);
#1028=VERTEX_POINT('',#2888);
#1029=VERTEX_POINT('',#2890);
#1030=VERTEX_POINT('',#2892);
#1031=VERTEX_POINT('',#2895);
#1032=VERTEX_POINT('',#2896);
#1033=VERTEX_POINT('',#2898);
#1034=VERTEX_POINT('',#2900);
#1035=VERTEX_POINT('',#2902);
#1036=VERTEX_POINT('',#2904);
#1037=VERTEX_POINT('',#2906);
#1038=VERTEX_POINT('',#2908);
#1039=VERTEX_POINT('',#2911);
#1040=VERTEX_POINT('',#2912);
#1041=VERTEX_POINT('',#2914);
#1042=VERTEX_POINT('',#2916);
#1043=VERTEX_POINT('',#2918);
#1044=VERTEX_POINT('',#2920);
#1045=VERTEX_POINT('',#2922);
#1046=VERTEX_POINT('',#2924);
#1047=VERTEX_POINT('',#2928);
#1048=VERTEX_POINT('',#2930);
#1049=VERTEX_POINT('',#2933);
#1050=VERTEX_POINT('',#2935);
#1051=VERTEX_POINT('',#2938);
#1052=VERTEX_POINT('',#2940);
#1053=VERTEX_POINT('',#2943);
#1054=VERTEX_POINT('',#2945);
#1055=VERTEX_POINT('',#2948);
#1056=VERTEX_POINT('',#2950);
#1057=VERTEX_POINT('',#2953);
#1058=VERTEX_POINT('',#2955);
#1059=VERTEX_POINT('',#2958);
#1060=VERTEX_POINT('',#2960);
#1061=VERTEX_POINT('',#2963);
#1062=VERTEX_POINT('',#2965);
#1063=VERTEX_POINT('',#2968);
#1064=VERTEX_POINT('',#2970);
#1065=VERTEX_POINT('',#2973);
#1066=VERTEX_POINT('',#2976);
#1067=VERTEX_POINT('',#2977);
#1068=VERTEX_POINT('',#2979);
#1069=VERTEX_POINT('',#2981);
#1070=VERTEX_POINT('',#2983);
#1071=VERTEX_POINT('',#2985);
#1072=VERTEX_POINT('',#2987);
#1073=VERTEX_POINT('',#2989);
#1074=VERTEX_POINT('',#2992);
#1075=VERTEX_POINT('',#2994);
#1076=VERTEX_POINT('',#2996);
#1077=VERTEX_POINT('',#2998);
#1078=VERTEX_POINT('',#3000);
#1079=VERTEX_POINT('',#3001);
#1080=VERTEX_POINT('',#3003);
#1081=VERTEX_POINT('',#3005);
#1082=VERTEX_POINT('',#3007);
#1083=VERTEX_POINT('',#3009);
#1084=VERTEX_POINT('',#3011);
#1085=VERTEX_POINT('',#3013);
#1086=VERTEX_POINT('',#3016);
#1087=VERTEX_POINT('',#3017);
#1088=VERTEX_POINT('',#3019);
#1089=VERTEX_POINT('',#3021);
#1090=VERTEX_POINT('',#3023);
#1091=VERTEX_POINT('',#3025);
#1092=VERTEX_POINT('',#3027);
#1093=VERTEX_POINT('',#3029);
#1094=VERTEX_POINT('',#3033);
#1095=VERTEX_POINT('',#3034);
#1096=VERTEX_POINT('',#3039);
#1097=VERTEX_POINT('',#3041);
#1098=VERTEX_POINT('',#3045);
#1099=VERTEX_POINT('',#3047);
#1100=VERTEX_POINT('',#3051);
#1101=VERTEX_POINT('',#3052);
#1102=VERTEX_POINT('',#3065);
#1103=VERTEX_POINT('',#3067);
#1104=VERTEX_POINT('',#3069);
#1105=VERTEX_POINT('',#3071);
#1106=VERTEX_POINT('',#3073);
#1107=VERTEX_POINT('',#3074);
#1108=VERTEX_POINT('',#3076);
#1109=VERTEX_POINT('',#3078);
#1110=VERTEX_POINT('',#3175);
#1111=VERTEX_POINT('',#3176);
#1112=VERTEX_POINT('',#3178);
#1113=VERTEX_POINT('',#3180);
#1114=VERTEX_POINT('',#3182);
#1115=VERTEX_POINT('',#3184);
#1116=VERTEX_POINT('',#3187);
#1117=VERTEX_POINT('',#3188);
#1118=VERTEX_POINT('',#3190);
#1119=VERTEX_POINT('',#3192);
#1120=VERTEX_POINT('',#3196);
#1121=VERTEX_POINT('',#3197);
#1122=VERTEX_POINT('',#3199);
#1123=VERTEX_POINT('',#3201);
#1124=VERTEX_POINT('',#3205);
#1125=VERTEX_POINT('',#3206);
#1126=VERTEX_POINT('',#3208);
#1127=VERTEX_POINT('',#3210);
#1128=VERTEX_POINT('',#3213);
#1129=VERTEX_POINT('',#3214);
#1130=VERTEX_POINT('',#3216);
#1131=VERTEX_POINT('',#3218);
#1132=VERTEX_POINT('',#3220);
#1133=VERTEX_POINT('',#3222);
#1134=VERTEX_POINT('',#3226);
#1135=VERTEX_POINT('',#3228);
#1136=VERTEX_POINT('',#3230);
#1137=VERTEX_POINT('',#3232);
#1138=VERTEX_POINT('',#3234);
#1139=VERTEX_POINT('',#3236);
#1140=VERTEX_POINT('',#3240);
#1141=VERTEX_POINT('',#3242);
#1142=VERTEX_POINT('',#3244);
#1143=VERTEX_POINT('',#3246);
#1144=VERTEX_POINT('',#3264);
#1145=VERTEX_POINT('',#3268);
#1146=VERTEX_POINT('',#3274);
#1147=VERTEX_POINT('',#3276);
#1148=VERTEX_POINT('',#3280);
#1149=VERTEX_POINT('',#3281);
#1150=VERTEX_POINT('',#3294);
#1151=VERTEX_POINT('',#3298);
#1152=VERTEX_POINT('',#3302);
#1153=VERTEX_POINT('',#3306);
#1154=LINE('',#2748,#1331);
#1155=LINE('',#2751,#1332);
#1156=LINE('',#2753,#1333);
#1157=LINE('',#2755,#1334);
#1158=LINE('',#2757,#1335);
#1159=LINE('',#2760,#1336);
#1160=LINE('',#2762,#1337);
#1161=LINE('',#2764,#1338);
#1162=LINE('',#2766,#1339);
#1163=LINE('',#2769,#1340);
#1164=LINE('',#2771,#1341);
#1165=LINE('',#2773,#1342);
#1166=LINE('',#2775,#1343);
#1167=LINE('',#2778,#1344);
#1168=LINE('',#2780,#1345);
#1169=LINE('',#2782,#1346);
#1170=LINE('',#2784,#1347);
#1171=LINE('',#2787,#1348);
#1172=LINE('',#2789,#1349);
#1173=LINE('',#2791,#1350);
#1174=LINE('',#2793,#1351);
#1175=LINE('',#2796,#1352);
#1176=LINE('',#2798,#1353);
#1177=LINE('',#2800,#1354);
#1178=LINE('',#2802,#1355);
#1179=LINE('',#2805,#1356);
#1180=LINE('',#2807,#1357);
#1181=LINE('',#2809,#1358);
#1182=LINE('',#2811,#1359);
#1183=LINE('',#2814,#1360);
#1184=LINE('',#2816,#1361);
#1185=LINE('',#2818,#1362);
#1186=LINE('',#2820,#1363);
#1187=LINE('',#2823,#1364);
#1188=LINE('',#2825,#1365);
#1189=LINE('',#2827,#1366);
#1190=LINE('',#2829,#1367);
#1191=LINE('',#2832,#1368);
#1192=LINE('',#2834,#1369);
#1193=LINE('',#2836,#1370);
#1194=LINE('',#2838,#1371);
#1195=LINE('',#2844,#1372);
#1196=LINE('',#2848,#1373);
#1197=LINE('',#2854,#1374);
#1198=LINE('',#2858,#1375);
#1199=LINE('',#2864,#1376);
#1200=LINE('',#2868,#1377);
#1201=LINE('',#2874,#1378);
#1202=LINE('',#2878,#1379);
#1203=LINE('',#2882,#1380);
#1204=LINE('',#2886,#1381);
#1205=LINE('',#2889,#1382);
#1206=LINE('',#2891,#1383);
#1207=LINE('',#2893,#1384);
#1208=LINE('',#2894,#1385);
#1209=LINE('',#2899,#1386);
#1210=LINE('',#2903,#1387);
#1211=LINE('',#2907,#1388);
#1212=LINE('',#2910,#1389);
#1213=LINE('',#2915,#1390);
#1214=LINE('',#2919,#1391);
#1215=LINE('',#2923,#1392);
#1216=LINE('',#2929,#1393);
#1217=LINE('',#2934,#1394);
#1218=LINE('',#2939,#1395);
#1219=LINE('',#2944,#1396);
#1220=LINE('',#2949,#1397);
#1221=LINE('',#2954,#1398);
#1222=LINE('',#2959,#1399);
#1223=LINE('',#2964,#1400);
#1224=LINE('',#2969,#1401);
#1225=LINE('',#2972,#1402);
#1226=LINE('',#2975,#1403);
#1227=LINE('',#2980,#1404);
#1228=LINE('',#2984,#1405);
#1229=LINE('',#2988,#1406);
#1230=LINE('',#2999,#1407);
#1231=LINE('',#3004,#1408);
#1232=LINE('',#3008,#1409);
#1233=LINE('',#3012,#1410);
#1234=LINE('',#3015,#1411);
#1235=LINE('',#3020,#1412);
#1236=LINE('',#3024,#1413);
#1237=LINE('',#3028,#1414);
#1238=LINE('',#3032,#1415);
#1239=LINE('',#3035,#1416);
#1240=LINE('',#3036,#1417);
#1241=LINE('',#3038,#1418);
#1242=LINE('',#3040,#1419);
#1243=LINE('',#3042,#1420);
#1244=LINE('',#3044,#1421);
#1245=LINE('',#3046,#1422);
#1246=LINE('',#3048,#1423);
#1247=LINE('',#3050,#1424);
#1248=LINE('',#3053,#1425);
#1249=LINE('',#3054,#1426);
#1250=LINE('',#3072,#1427);
#1251=LINE('',#3075,#1428);
#1252=LINE('',#3077,#1429);
#1253=LINE('',#3079,#1430);
#1254=LINE('',#3081,#1431);
#1255=LINE('',#3082,#1432);
#1256=LINE('',#3084,#1433);
#1257=LINE('',#3086,#1434);
#1258=LINE('',#3093,#1435);
#1259=LINE('',#3094,#1436);
#1260=LINE('',#3096,#1437);
#1261=LINE('',#3097,#1438);
#1262=LINE('',#3099,#1439);
#1263=LINE('',#3100,#1440);
#1264=LINE('',#3102,#1441);
#1265=LINE('',#3103,#1442);
#1266=LINE('',#3105,#1443);
#1267=LINE('',#3106,#1444);
#1268=LINE('',#3108,#1445);
#1269=LINE('',#3109,#1446);
#1270=LINE('',#3111,#1447);
#1271=LINE('',#3112,#1448);
#1272=LINE('',#3114,#1449);
#1273=LINE('',#3115,#1450);
#1274=LINE('',#3117,#1451);
#1275=LINE('',#3118,#1452);
#1276=LINE('',#3120,#1453);
#1277=LINE('',#3122,#1454);
#1278=LINE('',#3123,#1455);
#1279=LINE('',#3125,#1456);
#1280=LINE('',#3126,#1457);
#1281=LINE('',#3128,#1458);
#1282=LINE('',#3129,#1459);
#1283=LINE('',#3131,#1460);
#1284=LINE('',#3132,#1461);
#1285=LINE('',#3134,#1462);
#1286=LINE('',#3135,#1463);
#1287=LINE('',#3137,#1464);
#1288=LINE('',#3138,#1465);
#1289=LINE('',#3140,#1466);
#1290=LINE('',#3141,#1467);
#1291=LINE('',#3143,#1468);
#1292=LINE('',#3144,#1469);
#1293=LINE('',#3179,#1470);
#1294=LINE('',#3185,#1471);
#1295=LINE('',#3186,#1472);
#1296=LINE('',#3189,#1473);
#1297=LINE('',#3191,#1474);
#1298=LINE('',#3193,#1475);
#1299=LINE('',#3195,#1476);
#1300=LINE('',#3198,#1477);
#1301=LINE('',#3200,#1478);
#1302=LINE('',#3202,#1479);
#1303=LINE('',#3204,#1480);
#1304=LINE('',#3207,#1481);
#1305=LINE('',#3209,#1482);
#1306=LINE('',#3211,#1483);
#1307=LINE('',#3212,#1484);
#1308=LINE('',#3219,#1485);
#1309=LINE('',#3233,#1486);
#1310=LINE('',#3235,#1487);
#1311=LINE('',#3237,#1488);
#1312=LINE('',#3241,#1489);
#1313=LINE('',#3245,#1490);
#1314=LINE('',#3249,#1491);
#1315=LINE('',#3250,#1492);
#1316=LINE('',#3252,#1493);
#1317=LINE('',#3253,#1494);
#1318=LINE('',#3257,#1495);
#1319=LINE('',#3260,#1496);
#1320=LINE('',#3263,#1497);
#1321=LINE('',#3265,#1498);
#1322=LINE('',#3267,#1499);
#1323=LINE('',#3269,#1500);
#1324=LINE('',#3271,#1501);
#1325=LINE('',#3273,#1502);
#1326=LINE('',#3275,#1503);
#1327=LINE('',#3277,#1504);
#1328=LINE('',#3279,#1505);
#1329=LINE('',#3282,#1506);
#1330=LINE('',#3283,#1507);
#1331=VECTOR('',#2175,1.);
#1332=VECTOR('',#2176,1.);
#1333=VECTOR('',#2177,1.);
#1334=VECTOR('',#2178,1.);
#1335=VECTOR('',#2181,1.);
#1336=VECTOR('',#2182,1.);
#1337=VECTOR('',#2183,1.);
#1338=VECTOR('',#2184,1.);
#1339=VECTOR('',#2187,1.);
#1340=VECTOR('',#2188,1.);
#1341=VECTOR('',#2189,1.);
#1342=VECTOR('',#2190,1.);
#1343=VECTOR('',#2193,1.);
#1344=VECTOR('',#2194,1.);
#1345=VECTOR('',#2195,1.);
#1346=VECTOR('',#2196,1.);
#1347=VECTOR('',#2199,1.);
#1348=VECTOR('',#2200,1.);
#1349=VECTOR('',#2201,1.);
#1350=VECTOR('',#2202,1.);
#1351=VECTOR('',#2205,1.);
#1352=VECTOR('',#2206,1.);
#1353=VECTOR('',#2207,1.);
#1354=VECTOR('',#2208,1.);
#1355=VECTOR('',#2211,1.);
#1356=VECTOR('',#2212,1.);
#1357=VECTOR('',#2213,1.);
#1358=VECTOR('',#2214,1.);
#1359=VECTOR('',#2217,1.);
#1360=VECTOR('',#2218,1.);
#1361=VECTOR('',#2219,1.);
#1362=VECTOR('',#2220,1.);
#1363=VECTOR('',#2223,1.);
#1364=VECTOR('',#2224,1.);
#1365=VECTOR('',#2225,1.);
#1366=VECTOR('',#2226,1.);
#1367=VECTOR('',#2229,1.);
#1368=VECTOR('',#2230,1.);
#1369=VECTOR('',#2231,1.);
#1370=VECTOR('',#2232,1.);
#1371=VECTOR('',#2235,1.);
#1372=VECTOR('',#2240,1.);
#1373=VECTOR('',#2245,1.);
#1374=VECTOR('',#2250,1.);
#1375=VECTOR('',#2255,1.);
#1376=VECTOR('',#2260,1.);
#1377=VECTOR('',#2265,1.);
#1378=VECTOR('',#2270,1.);
#1379=VECTOR('',#2275,1.);
#1380=VECTOR('',#2278,1.);
#1381=VECTOR('',#2283,1.);
#1382=VECTOR('',#2284,1.);
#1383=VECTOR('',#2285,1.);
#1384=VECTOR('',#2286,1.);
#1385=VECTOR('',#2287,1.);
#1386=VECTOR('',#2290,1.);
#1387=VECTOR('',#2293,1.);
#1388=VECTOR('',#2296,1.);
#1389=VECTOR('',#2299,1.);
#1390=VECTOR('',#2302,1.);
#1391=VECTOR('',#2305,1.);
#1392=VECTOR('',#2308,1.);
#1393=VECTOR('',#2315,1.);
#1394=VECTOR('',#2320,1.);
#1395=VECTOR('',#2325,1.);
#1396=VECTOR('',#2330,1.);
#1397=VECTOR('',#2335,1.);
#1398=VECTOR('',#2340,1.);
#1399=VECTOR('',#2345,1.);
#1400=VECTOR('',#2350,1.);
#1401=VECTOR('',#2355,1.);
#1402=VECTOR('',#2358,1.);
#1403=VECTOR('',#2361,1.);
#1404=VECTOR('',#2364,1.);
#1405=VECTOR('',#2367,1.);
#1406=VECTOR('',#2370,1.);
#1407=VECTOR('',#2381,1.);
#1408=VECTOR('',#2384,1.);
#1409=VECTOR('',#2387,1.);
#1410=VECTOR('',#2390,1.);
#1411=VECTOR('',#2393,1.);
#1412=VECTOR('',#2396,1.);
#1413=VECTOR('',#2399,1.);
#1414=VECTOR('',#2402,1.);
#1415=VECTOR('',#2407,1.);
#1416=VECTOR('',#2408,1.);
#1417=VECTOR('',#2409,1.);
#1418=VECTOR('',#2412,1.);
#1419=VECTOR('',#2413,1.);
#1420=VECTOR('',#2414,1.);
#1421=VECTOR('',#2417,1.);
#1422=VECTOR('',#2418,1.);
#1423=VECTOR('',#2419,1.);
#1424=VECTOR('',#2422,1.);
#1425=VECTOR('',#2423,1.);
#1426=VECTOR('',#2424,1.);
#1427=VECTOR('',#2451,1.);
#1428=VECTOR('',#2452,1.);
#1429=VECTOR('',#2453,1.);
#1430=VECTOR('',#2454,1.);
#1431=VECTOR('',#2457,1.);
#1432=VECTOR('',#2458,1.);
#1433=VECTOR('',#2461,1.);
#1434=VECTOR('',#2464,1.);
#1435=VECTOR('',#2477,1.);
#1436=VECTOR('',#2478,1.);
#1437=VECTOR('',#2481,1.);
#1438=VECTOR('',#2482,1.);
#1439=VECTOR('',#2485,1.);
#1440=VECTOR('',#2486,1.);
#1441=VECTOR('',#2489,1.);
#1442=VECTOR('',#2490,1.);
#1443=VECTOR('',#2493,1.);
#1444=VECTOR('',#2494,1.);
#1445=VECTOR('',#2497,1.);
#1446=VECTOR('',#2498,1.);
#1447=VECTOR('',#2501,1.);
#1448=VECTOR('',#2502,1.);
#1449=VECTOR('',#2505,1.);
#1450=VECTOR('',#2506,1.);
#1451=VECTOR('',#2509,1.);
#1452=VECTOR('',#2510,1.);
#1453=VECTOR('',#2513,1.);
#1454=VECTOR('',#2516,1.);
#1455=VECTOR('',#2517,1.);
#1456=VECTOR('',#2520,1.);
#1457=VECTOR('',#2521,1.);
#1458=VECTOR('',#2524,1.);
#1459=VECTOR('',#2525,1.);
#1460=VECTOR('',#2528,1.);
#1461=VECTOR('',#2529,1.);
#1462=VECTOR('',#2532,1.);
#1463=VECTOR('',#2533,1.);
#1464=VECTOR('',#2536,1.);
#1465=VECTOR('',#2537,1.);
#1466=VECTOR('',#2540,1.);
#1467=VECTOR('',#2541,1.);
#1468=VECTOR('',#2544,1.);
#1469=VECTOR('',#2545,1.);
#1470=VECTOR('',#2608,1.);
#1471=VECTOR('',#2613,1.);
#1472=VECTOR('',#2614,1.);
#1473=VECTOR('',#2615,1.);
#1474=VECTOR('',#2616,1.);
#1475=VECTOR('',#2617,1.);
#1476=VECTOR('',#2620,1.);
#1477=VECTOR('',#2621,1.);
#1478=VECTOR('',#2622,1.);
#1479=VECTOR('',#2623,1.);
#1480=VECTOR('',#2626,1.);
#1481=VECTOR('',#2627,1.);
#1482=VECTOR('',#2628,1.);
#1483=VECTOR('',#2629,1.);
#1484=VECTOR('',#2630,1.);
#1485=VECTOR('',#2635,1.);
#1486=VECTOR('',#2650,1.);
#1487=VECTOR('',#2651,1.);
#1488=VECTOR('',#2652,1.);
#1489=VECTOR('',#2657,1.);
#1490=VECTOR('',#2660,1.);
#1491=VECTOR('',#2665,1.);
#1492=VECTOR('',#2666,1.);
#1493=VECTOR('',#2669,1.);
#1494=VECTOR('',#2670,1.);
#1495=VECTOR('',#2677,1.);
#1496=VECTOR('',#2682,1.);
#1497=VECTOR('',#2687,1.);
#1498=VECTOR('',#2688,1.);
#1499=VECTOR('',#2691,1.);
#1500=VECTOR('',#2692,1.);
#1501=VECTOR('',#2695,1.);
#1502=VECTOR('',#2698,1.);
#1503=VECTOR('',#2699,1.);
#1504=VECTOR('',#2700,1.);
#1505=VECTOR('',#2703,1.);
#1506=VECTOR('',#2704,1.);
#1507=VECTOR('',#2705,1.);
#1508=EDGE_LOOP('',(#155,#156,#157,#158));
#1509=EDGE_LOOP('',(#159,#160,#161,#162));
#1510=EDGE_LOOP('',(#163,#164,#165,#166));
#1511=EDGE_LOOP('',(#167,#168,#169,#170));
#1512=EDGE_LOOP('',(#171,#172,#173,#174));
#1513=EDGE_LOOP('',(#175,#176,#177,#178));
#1514=EDGE_LOOP('',(#179,#180,#181,#182));
#1515=EDGE_LOOP('',(#183,#184,#185,#186));
#1516=EDGE_LOOP('',(#187,#188,#189,#190));
#1517=EDGE_LOOP('',(#191,#192,#193,#194));
#1518=EDGE_LOOP('',(#195,#196,#197,#198,#199,#200,#201,#202));
#1519=EDGE_LOOP('',(#203,#204,#205,#206,#207,#208,#209,#210));
#1520=EDGE_LOOP('',(#211,#212,#213,#214,#215,#216,#217,#218));
#1521=EDGE_LOOP('',(#219,#220,#221,#222,#223,#224,#225,#226));
#1522=EDGE_LOOP('',(#227,#228,#229,#230,#231,#232,#233));
#1523=EDGE_LOOP('',(#234,#235,#236,#237));
#1524=EDGE_LOOP('',(#238,#239,#240,#241,#242,#243,#244,#245));
#1525=EDGE_LOOP('',(#246,#247,#248,#249,#250,#251,#252,#253));
#1526=EDGE_LOOP('',(#254,#255,#256,#257,#258,#259,#260,#261));
#1527=EDGE_LOOP('',(#262,#263,#264,#265,#266,#267,#268,#269));
#1528=EDGE_LOOP('',(#270,#271,#272,#273,#274,#275,#276,#277));
#1529=EDGE_LOOP('',(#278,#279,#280,#281,#282,#283,#284,#285));
#1530=EDGE_LOOP('',(#286,#287,#288,#289,#290,#291,#292));
#1531=EDGE_LOOP('',(#293,#294,#295,#296,#297,#298,#299,#300));
#1532=EDGE_LOOP('',(#301));
#1533=EDGE_LOOP('',(#302));
#1534=EDGE_LOOP('',(#303));
#1535=EDGE_LOOP('',(#304));
#1536=EDGE_LOOP('',(#305,#306,#307,#308,#309,#310,#311,#312));
#1537=EDGE_LOOP('',(#313,#314,#315,#316,#317,#318,#319,#320));
#1538=EDGE_LOOP('',(#321,#322,#323,#324));
#1539=EDGE_LOOP('',(#325,#326,#327,#328));
#1540=EDGE_LOOP('',(#329,#330,#331,#332));
#1541=EDGE_LOOP('',(#333,#334,#335,#336));
#1542=EDGE_LOOP('',(#337,#338,#339,#340));
#1543=EDGE_LOOP('',(#341,#342,#343,#344));
#1544=EDGE_LOOP('',(#345,#346,#347,#348));
#1545=EDGE_LOOP('',(#349,#350,#351,#352));
#1546=EDGE_LOOP('',(#353));
#1547=EDGE_LOOP('',(#354));
#1548=EDGE_LOOP('',(#355));
#1549=EDGE_LOOP('',(#356));
#1550=EDGE_LOOP('',(#357,#358,#359,#360));
#1551=EDGE_LOOP('',(#361,#362,#363,#364,#365,#366,#367,#368));
#1552=EDGE_LOOP('',(#369,#370,#371,#372));
#1553=EDGE_LOOP('',(#373,#374,#375,#376));
#1554=EDGE_LOOP('',(#377,#378,#379,#380));
#1555=EDGE_LOOP('',(#381,#382,#383,#384));
#1556=EDGE_LOOP('',(#385));
#1557=EDGE_LOOP('',(#386));
#1558=EDGE_LOOP('',(#387));
#1559=EDGE_LOOP('',(#388));
#1560=EDGE_LOOP('',(#389));
#1561=EDGE_LOOP('',(#390));
#1562=EDGE_LOOP('',(#391));
#1563=EDGE_LOOP('',(#392));
#1564=EDGE_LOOP('',(#393,#394,#395,#396));
#1565=EDGE_LOOP('',(#397,#398,#399,#400));
#1566=EDGE_LOOP('',(#401,#402,#403,#404));
#1567=EDGE_LOOP('',(#405,#406,#407,#408));
#1568=EDGE_LOOP('',(#409,#410,#411,#412));
#1569=EDGE_LOOP('',(#413,#414,#415,#416));
#1570=EDGE_LOOP('',(#417,#418,#419,#420));
#1571=EDGE_LOOP('',(#421,#422,#423,#424));
#1572=EDGE_LOOP('',(#425,#426,#427,#428));
#1573=EDGE_LOOP('',(#429,#430,#431,#432));
#1574=EDGE_LOOP('',(#433,#434,#435,#436));
#1575=EDGE_LOOP('',(#437,#438,#439,#440));
#1576=EDGE_LOOP('',(#441,#442,#443,#444));
#1577=EDGE_LOOP('',(#445,#446,#447,#448));
#1578=EDGE_LOOP('',(#449,#450,#451,#452));
#1579=EDGE_LOOP('',(#453,#454,#455,#456));
#1580=EDGE_LOOP('',(#457,#458,#459,#460));
#1581=EDGE_LOOP('',(#461,#462,#463,#464));
#1582=EDGE_LOOP('',(#465,#466,#467,#468));
#1583=EDGE_LOOP('',(#469,#470,#471,#472));
#1584=EDGE_LOOP('',(#473,#474,#475,#476));
#1585=EDGE_LOOP('',(#477,#478,#479,#480));
#1586=EDGE_LOOP('',(#481,#482,#483,#484));
#1587=EDGE_LOOP('',(#485,#486,#487,#488));
#1588=EDGE_LOOP('',(#489,#490,#491,#492));
#1589=EDGE_LOOP('',(#493,#494,#495,#496));
#1590=EDGE_LOOP('',(#497,#498,#499,#500));
#1591=EDGE_LOOP('',(#501,#502,#503,#504));
#1592=EDGE_LOOP('',(#505,#506,#507,#508));
#1593=EDGE_LOOP('',(#509,#510,#511,#512));
#1594=EDGE_LOOP('',(#513,#514,#515,#516));
#1595=EDGE_LOOP('',(#517,#518,#519,#520));
#1596=EDGE_LOOP('',(#521,#522,#523,#524));
#1597=EDGE_LOOP('',(#525,#526,#527,#528));
#1598=EDGE_LOOP('',(#529,#530,#531,#532));
#1599=EDGE_LOOP('',(#533,#534,#535,#536));
#1600=EDGE_LOOP('',(#537,#538,#539,#540));
#1601=EDGE_LOOP('',(#541,#542,#543,#544));
#1602=EDGE_LOOP('',(#545,#546,#547,#548));
#1603=EDGE_LOOP('',(#549,#550,#551,#552));
#1604=EDGE_LOOP('',(#553,#554,#555,#556));
#1605=EDGE_LOOP('',(#557,#558,#559,#560));
#1606=EDGE_LOOP('',(#561,#562,#563,#564));
#1607=EDGE_LOOP('',(#565,#566,#567,#568));
#1608=EDGE_LOOP('',(#569,#570,#571,#572));
#1609=EDGE_LOOP('',(#573,#574,#575,#576,#577,#578));
#1610=EDGE_LOOP('',(#579,#580,#581,#582));
#1611=EDGE_LOOP('',(#583,#584,#585,#586));
#1612=EDGE_LOOP('',(#587,#588,#589,#590));
#1613=EDGE_LOOP('',(#591,#592,#593,#594,#595,#596));
#1614=EDGE_LOOP('',(#597));
#1615=EDGE_LOOP('',(#598));
#1616=EDGE_LOOP('',(#599));
#1617=EDGE_LOOP('',(#600));
#1618=EDGE_LOOP('',(#601,#602,#603,#604));
#1619=EDGE_LOOP('',(#605,#606,#607,#608,#609,#610,#611,#612));
#1620=EDGE_LOOP('',(#613,#614,#615,#616));
#1621=EDGE_LOOP('',(#617,#618,#619,#620));
#1622=EDGE_LOOP('',(#621,#622,#623,#624));
#1623=EDGE_LOOP('',(#625,#626,#627,#628));
#1624=EDGE_LOOP('',(#629,#630,#631,#632));
#1625=EDGE_LOOP('',(#633,#634,#635,#636));
#1626=EDGE_LOOP('',(#637,#638,#639,#640));
#1627=EDGE_LOOP('',(#641,#642,#643,#644));
#1628=EDGE_LOOP('',(#645,#646,#647,#648));
#1629=EDGE_LOOP('',(#649,#650,#651,#652));
#1630=EDGE_LOOP('',(#653,#654,#655,#656));
#1631=EDGE_LOOP('',(#657,#658,#659,#660));
#1632=EDGE_LOOP('',(#661,#662,#663,#664,#665,#666,#667,#668));
#1633=EDGE_LOOP('',(#669,#670,#671,#672));
#1634=EDGE_LOOP('',(#673,#674,#675,#676));
#1635=EDGE_LOOP('',(#677,#678,#679,#680));
#1636=EDGE_LOOP('',(#681,#682,#683,#684));
#1637=EDGE_LOOP('',(#685));
#1638=EDGE_LOOP('',(#686));
#1639=EDGE_LOOP('',(#687));
#1640=EDGE_LOOP('',(#688));
#1641=EDGE_LOOP('',(#689));
#1642=EDGE_LOOP('',(#690));
#1643=EDGE_LOOP('',(#691));
#1644=EDGE_LOOP('',(#692));
#1645=EDGE_LOOP('',(#693));
#1646=EDGE_LOOP('',(#694));
#1647=EDGE_LOOP('',(#695));
#1648=EDGE_LOOP('',(#696));
#1649=FACE_BOUND('',#1508,.T.);
#1650=FACE_BOUND('',#1509,.T.);
#1651=FACE_BOUND('',#1510,.T.);
#1652=FACE_BOUND('',#1511,.T.);
#1653=FACE_BOUND('',#1512,.T.);
#1654=FACE_BOUND('',#1513,.T.);
#1655=FACE_BOUND('',#1514,.T.);
#1656=FACE_BOUND('',#1515,.T.);
#1657=FACE_BOUND('',#1516,.T.);
#1658=FACE_BOUND('',#1517,.T.);
#1659=FACE_BOUND('',#1518,.T.);
#1660=FACE_BOUND('',#1519,.T.);
#1661=FACE_BOUND('',#1520,.T.);
#1662=FACE_BOUND('',#1521,.T.);
#1663=FACE_BOUND('',#1522,.T.);
#1664=FACE_BOUND('',#1523,.T.);
#1665=FACE_BOUND('',#1524,.T.);
#1666=FACE_BOUND('',#1525,.T.);
#1667=FACE_BOUND('',#1526,.T.);
#1668=FACE_BOUND('',#1527,.T.);
#1669=FACE_BOUND('',#1528,.T.);
#1670=FACE_BOUND('',#1529,.T.);
#1671=FACE_BOUND('',#1530,.T.);
#1672=FACE_BOUND('',#1531,.T.);
#1673=FACE_BOUND('',#1532,.T.);
#1674=FACE_BOUND('',#1533,.T.);
#1675=FACE_BOUND('',#1534,.T.);
#1676=FACE_BOUND('',#1535,.T.);
#1677=FACE_BOUND('',#1536,.T.);
#1678=FACE_BOUND('',#1537,.T.);
#1679=FACE_BOUND('',#1538,.T.);
#1680=FACE_BOUND('',#1539,.T.);
#1681=FACE_BOUND('',#1540,.T.);
#1682=FACE_BOUND('',#1541,.T.);
#1683=FACE_BOUND('',#1542,.T.);
#1684=FACE_BOUND('',#1543,.T.);
#1685=FACE_BOUND('',#1544,.T.);
#1686=FACE_BOUND('',#1545,.T.);
#1687=FACE_BOUND('',#1546,.T.);
#1688=FACE_BOUND('',#1547,.T.);
#1689=FACE_BOUND('',#1548,.T.);
#1690=FACE_BOUND('',#1549,.T.);
#1691=FACE_BOUND('',#1550,.T.);
#1692=FACE_BOUND('',#1551,.T.);
#1693=FACE_BOUND('',#1552,.T.);
#1694=FACE_BOUND('',#1553,.T.);
#1695=FACE_BOUND('',#1554,.T.);
#1696=FACE_BOUND('',#1555,.T.);
#1697=FACE_BOUND('',#1556,.T.);
#1698=FACE_BOUND('',#1557,.T.);
#1699=FACE_BOUND('',#1558,.T.);
#1700=FACE_BOUND('',#1559,.T.);
#1701=FACE_BOUND('',#1560,.T.);
#1702=FACE_BOUND('',#1561,.T.);
#1703=FACE_BOUND('',#1562,.T.);
#1704=FACE_BOUND('',#1563,.T.);
#1705=FACE_BOUND('',#1564,.T.);
#1706=FACE_BOUND('',#1565,.T.);
#1707=FACE_BOUND('',#1566,.T.);
#1708=FACE_BOUND('',#1567,.T.);
#1709=FACE_BOUND('',#1568,.T.);
#1710=FACE_BOUND('',#1569,.T.);
#1711=FACE_BOUND('',#1570,.T.);
#1712=FACE_BOUND('',#1571,.T.);
#1713=FACE_BOUND('',#1572,.T.);
#1714=FACE_BOUND('',#1573,.T.);
#1715=FACE_BOUND('',#1574,.T.);
#1716=FACE_BOUND('',#1575,.T.);
#1717=FACE_BOUND('',#1576,.T.);
#1718=FACE_BOUND('',#1577,.T.);
#1719=FACE_BOUND('',#1578,.T.);
#1720=FACE_BOUND('',#1579,.T.);
#1721=FACE_BOUND('',#1580,.T.);
#1722=FACE_BOUND('',#1581,.T.);
#1723=FACE_BOUND('',#1582,.T.);
#1724=FACE_BOUND('',#1583,.T.);
#1725=FACE_BOUND('',#1584,.T.);
#1726=FACE_BOUND('',#1585,.T.);
#1727=FACE_BOUND('',#1586,.T.);
#1728=FACE_BOUND('',#1587,.T.);
#1729=FACE_BOUND('',#1588,.T.);
#1730=FACE_BOUND('',#1589,.T.);
#1731=FACE_BOUND('',#1590,.T.);
#1732=FACE_BOUND('',#1591,.T.);
#1733=FACE_BOUND('',#1592,.T.);
#1734=FACE_BOUND('',#1593,.T.);
#1735=FACE_BOUND('',#1594,.T.);
#1736=FACE_BOUND('',#1595,.T.);
#1737=FACE_BOUND('',#1596,.T.);
#1738=FACE_BOUND('',#1597,.T.);
#1739=FACE_BOUND('',#1598,.T.);
#1740=FACE_BOUND('',#1599,.T.);
#1741=FACE_BOUND('',#1600,.T.);
#1742=FACE_BOUND('',#1601,.T.);
#1743=FACE_BOUND('',#1602,.T.);
#1744=FACE_BOUND('',#1603,.T.);
#1745=FACE_BOUND('',#1604,.T.);
#1746=FACE_BOUND('',#1605,.T.);
#1747=FACE_BOUND('',#1606,.T.);
#1748=FACE_BOUND('',#1607,.T.);
#1749=FACE_BOUND('',#1608,.T.);
#1750=FACE_BOUND('',#1609,.T.);
#1751=FACE_BOUND('',#1610,.T.);
#1752=FACE_BOUND('',#1611,.T.);
#1753=FACE_BOUND('',#1612,.T.);
#1754=FACE_BOUND('',#1613,.T.);
#1755=FACE_BOUND('',#1614,.T.);
#1756=FACE_BOUND('',#1615,.T.);
#1757=FACE_BOUND('',#1616,.T.);
#1758=FACE_BOUND('',#1617,.T.);
#1759=FACE_BOUND('',#1618,.T.);
#1760=FACE_BOUND('',#1619,.T.);
#1761=FACE_BOUND('',#1620,.T.);
#1762=FACE_BOUND('',#1621,.T.);
#1763=FACE_BOUND('',#1622,.T.);
#1764=FACE_BOUND('',#1623,.T.);
#1765=FACE_BOUND('',#1624,.T.);
#1766=FACE_BOUND('',#1625,.T.);
#1767=FACE_BOUND('',#1626,.T.);
#1768=FACE_BOUND('',#1627,.T.);
#1769=FACE_BOUND('',#1628,.T.);
#1770=FACE_BOUND('',#1629,.T.);
#1771=FACE_BOUND('',#1630,.T.);
#1772=FACE_BOUND('',#1631,.T.);
#1773=FACE_BOUND('',#1632,.T.);
#1774=FACE_BOUND('',#1633,.T.);
#1775=FACE_BOUND('',#1634,.T.);
#1776=FACE_BOUND('',#1635,.T.);
#1777=FACE_BOUND('',#1636,.T.);
#1778=FACE_BOUND('',#1637,.T.);
#1779=FACE_BOUND('',#1638,.T.);
#1780=FACE_BOUND('',#1639,.T.);
#1781=FACE_BOUND('',#1640,.T.);
#1782=FACE_BOUND('',#1641,.T.);
#1783=FACE_BOUND('',#1642,.T.);
#1784=FACE_BOUND('',#1643,.T.);
#1785=FACE_BOUND('',#1644,.T.);
#1786=FACE_BOUND('',#1645,.T.);
#1787=FACE_BOUND('',#1646,.T.);
#1788=FACE_BOUND('',#1647,.T.);
#1789=FACE_BOUND('',#1648,.T.);
#1790=PLANE('',#1973);
#1791=PLANE('',#1974);
#1792=PLANE('',#1975);
#1793=PLANE('',#1976);
#1794=PLANE('',#1977);
#1795=PLANE('',#1978);
#1796=PLANE('',#1979);
#1797=PLANE('',#1980);
#1798=PLANE('',#1981);
#1799=PLANE('',#1982);
#1800=PLANE('',#1983);
#1801=PLANE('',#2011);
#1802=PLANE('',#2047);
#1803=PLANE('',#2048);
#1804=PLANE('',#2049);
#1805=PLANE('',#2050);
#1806=PLANE('',#2059);
#1807=PLANE('',#2064);
#1808=PLANE('',#2065);
#1809=PLANE('',#2066);
#1810=PLANE('',#2067);
#1811=PLANE('',#2072);
#1812=PLANE('',#2073);
#1813=PLANE('',#2074);
#1814=PLANE('',#2075);
#1815=PLANE('',#2076);
#1816=PLANE('',#2077);
#1817=PLANE('',#2078);
#1818=PLANE('',#2079);
#1819=PLANE('',#2080);
#1820=PLANE('',#2081);
#1821=PLANE('',#2082);
#1822=PLANE('',#2083);
#1823=PLANE('',#2084);
#1824=PLANE('',#2085);
#1825=PLANE('',#2086);
#1826=PLANE('',#2087);
#1827=PLANE('',#2088);
#1828=PLANE('',#2089);
#1829=PLANE('',#2118);
#1830=PLANE('',#2123);
#1831=PLANE('',#2124);
#1832=PLANE('',#2129);
#1833=PLANE('',#2138);
#1834=PLANE('',#2139);
#1835=PLANE('',#2146);
#1836=PLANE('',#2147);
#1837=PLANE('',#2148);
#1838=PLANE('',#2149);
#1839=PLANE('',#2150);
#1840=PLANE('',#2151);
#1841=PLANE('',#2155);
#1842=PLANE('',#2161);
#1843=PLANE('',#2164);
#1844=PLANE('',#2167);
#1845=PLANE('',#2170);
#1846=ADVANCED_FACE('',(#1649),#1790,.T.);
#1847=ADVANCED_FACE('',(#1650),#1791,.F.);
#1848=ADVANCED_FACE('',(#1651),#1792,.T.);
#1849=ADVANCED_FACE('',(#1652),#1793,.F.);
#1850=ADVANCED_FACE('',(#1653),#1794,.T.);
#1851=ADVANCED_FACE('',(#1654),#1795,.F.);
#1852=ADVANCED_FACE('',(#1655),#1796,.T.);
#1853=ADVANCED_FACE('',(#1656),#1797,.F.);
#1854=ADVANCED_FACE('',(#1657),#1798,.T.);
#1855=ADVANCED_FACE('',(#1658),#1799,.F.);
#1856=ADVANCED_FACE('',(#1659,#1660,#1661,#1662,#1663,#1664,#1665,#1666),
#1800,.T.);
#1857=ADVANCED_FACE('',(#1667,#1668,#1669,#1670,#1671,#1672,#1673,#1674,
#1675,#1676,#1677,#1678),#1801,.F.);
#1858=ADVANCED_FACE('',(#1679),#1802,.F.);
#1859=ADVANCED_FACE('',(#1680),#1803,.T.);
#1860=ADVANCED_FACE('',(#1681),#1804,.T.);
#1861=ADVANCED_FACE('',(#1682),#1805,.F.);
#1862=ADVANCED_FACE('',(#1683),#14,.T.);
#1863=ADVANCED_FACE('',(#1684),#15,.T.);
#1864=ADVANCED_FACE('',(#1685),#16,.T.);
#1865=ADVANCED_FACE('',(#1686),#17,.T.);
#1866=ADVANCED_FACE('',(#1687,#1688,#1689,#1690,#1691,#1692),#1806,.T.);
#1867=ADVANCED_FACE('',(#1693),#1807,.T.);
#1868=ADVANCED_FACE('',(#1694),#1808,.T.);
#1869=ADVANCED_FACE('',(#1695),#1809,.T.);
#1870=ADVANCED_FACE('',(#1696),#1810,.F.);
#1871=ADVANCED_FACE('',(#1697,#1698),#18,.F.);
#1872=ADVANCED_FACE('',(#1699,#1700),#19,.F.);
#1873=ADVANCED_FACE('',(#1701,#1702),#20,.F.);
#1874=ADVANCED_FACE('',(#1703,#1704),#21,.F.);
#1875=ADVANCED_FACE('',(#1705),#1811,.T.);
#1876=ADVANCED_FACE('',(#1706),#1812,.F.);
#1877=ADVANCED_FACE('',(#1707),#1813,.F.);
#1878=ADVANCED_FACE('',(#1708),#1814,.T.);
#1879=ADVANCED_FACE('',(#1709),#1815,.T.);
#1880=ADVANCED_FACE('',(#1710),#1816,.F.);
#1881=ADVANCED_FACE('',(#1711),#1817,.F.);
#1882=ADVANCED_FACE('',(#1712),#1818,.T.);
#1883=ADVANCED_FACE('',(#1713),#1819,.F.);
#1884=ADVANCED_FACE('',(#1714),#1820,.T.);
#1885=ADVANCED_FACE('',(#1715),#1821,.F.);
#1886=ADVANCED_FACE('',(#1716),#1822,.T.);
#1887=ADVANCED_FACE('',(#1717),#1823,.F.);
#1888=ADVANCED_FACE('',(#1718),#1824,.T.);
#1889=ADVANCED_FACE('',(#1719),#1825,.F.);
#1890=ADVANCED_FACE('',(#1720),#1826,.T.);
#1891=ADVANCED_FACE('',(#1721),#1827,.F.);
#1892=ADVANCED_FACE('',(#1722),#1828,.T.);
#1893=ADVANCED_FACE('',(#1723),#22,.F.);
#1894=ADVANCED_FACE('',(#1724),#23,.F.);
#1895=ADVANCED_FACE('',(#1725),#24,.F.);
#1896=ADVANCED_FACE('',(#1726),#25,.F.);
#1897=ADVANCED_FACE('',(#1727),#26,.F.);
#1898=ADVANCED_FACE('',(#1728),#27,.F.);
#1899=ADVANCED_FACE('',(#1729),#28,.F.);
#1900=ADVANCED_FACE('',(#1730),#29,.F.);
#1901=ADVANCED_FACE('',(#1731),#30,.F.);
#1902=ADVANCED_FACE('',(#1732),#31,.F.);
#1903=ADVANCED_FACE('',(#1733),#32,.F.);
#1904=ADVANCED_FACE('',(#1734),#33,.F.);
#1905=ADVANCED_FACE('',(#1735),#34,.F.);
#1906=ADVANCED_FACE('',(#1736),#35,.F.);
#1907=ADVANCED_FACE('',(#1737),#36,.F.);
#1908=ADVANCED_FACE('',(#1738),#37,.F.);
#1909=ADVANCED_FACE('',(#1739),#38,.F.);
#1910=ADVANCED_FACE('',(#1740),#39,.F.);
#1911=ADVANCED_FACE('',(#1741),#40,.F.);
#1912=ADVANCED_FACE('',(#1742),#41,.F.);
#1913=ADVANCED_FACE('',(#1743),#42,.F.);
#1914=ADVANCED_FACE('',(#1744),#43,.F.);
#1915=ADVANCED_FACE('',(#1745),#44,.F.);
#1916=ADVANCED_FACE('',(#1746),#45,.F.);
#1917=ADVANCED_FACE('',(#1747),#46,.F.);
#1918=ADVANCED_FACE('',(#1748),#47,.F.);
#1919=ADVANCED_FACE('',(#1749),#48,.F.);
#1920=ADVANCED_FACE('',(#1750,#1751),#1829,.F.);
#1921=ADVANCED_FACE('',(#1752),#1830,.F.);
#1922=ADVANCED_FACE('',(#1753,#1754),#1831,.T.);
#1923=ADVANCED_FACE('',(#1755,#1756,#1757,#1758,#1759,#1760),#1832,.T.);
#1924=ADVANCED_FACE('',(#1761),#1833,.T.);
#1925=ADVANCED_FACE('',(#1762),#1834,.F.);
#1926=ADVANCED_FACE('',(#1763),#49,.T.);
#1927=ADVANCED_FACE('',(#1764),#50,.F.);
#1928=ADVANCED_FACE('',(#1765),#51,.F.);
#1929=ADVANCED_FACE('',(#1766),#52,.F.);
#1930=ADVANCED_FACE('',(#1767),#53,.F.);
#1931=ADVANCED_FACE('',(#1768),#1835,.T.);
#1932=ADVANCED_FACE('',(#1769),#1836,.T.);
#1933=ADVANCED_FACE('',(#1770),#1837,.T.);
#1934=ADVANCED_FACE('',(#1771),#1838,.T.);
#1935=ADVANCED_FACE('',(#1772),#1839,.F.);
#1936=ADVANCED_FACE('',(#1773),#1840,.F.);
#1937=ADVANCED_FACE('',(#1774),#1841,.T.);
#1938=ADVANCED_FACE('',(#1775),#54,.T.);
#1939=ADVANCED_FACE('',(#1776),#55,.T.);
#1940=ADVANCED_FACE('',(#1777),#56,.T.);
#1941=ADVANCED_FACE('',(#1778,#1779),#57,.F.);
#1942=ADVANCED_FACE('',(#1780),#1842,.T.);
#1943=ADVANCED_FACE('',(#1781,#1782),#58,.F.);
#1944=ADVANCED_FACE('',(#1783),#1843,.T.);
#1945=ADVANCED_FACE('',(#1784,#1785),#59,.F.);
#1946=ADVANCED_FACE('',(#1786),#1844,.T.);
#1947=ADVANCED_FACE('',(#1787,#1788),#60,.F.);
#1948=ADVANCED_FACE('',(#1789),#1845,.T.);
#1949=CLOSED_SHELL('',(#1846,#1847,#1848,#1849,#1850,#1851,#1852,#1853,
#1854,#1855,#1856,#1857,#1858,#1859,#1860,#1861,#1862,#1863,#1864,#1865,
#1866,#1867,#1868,#1869,#1870,#1871,#1872,#1873,#1874,#1875,#1876,#1877,
#1878,#1879,#1880,#1881,#1882,#1883,#1884,#1885,#1886,#1887,#1888,#1889,
#1890,#1891,#1892,#1893,#1894,#1895,#1896,#1897,#1898,#1899,#1900,#1901,
#1902,#1903,#1904,#1905,#1906,#1907,#1908,#1909,#1910,#1911,#1912,#1913,
#1914,#1915,#1916,#1917,#1918,#1919));
#1950=CLOSED_SHELL('',(#1920,#1921,#1922,#1923,#1924,#1925,#1926,#1927,
#1928,#1929,#1930,#1931,#1932,#1933,#1934,#1935,#1936,#1937,#1938,#1939,
#1940,#1941,#1942,#1943,#1944,#1945,#1946,#1947,#1948));
#1951=STYLED_ITEM('',(#1953),#1966);
#1952=STYLED_ITEM('',(#1954),#1967);
#1953=PRESENTATION_STYLE_ASSIGNMENT((#1955));
#1954=PRESENTATION_STYLE_ASSIGNMENT((#1956));
#1955=SURFACE_STYLE_USAGE(.BOTH.,#1957);
#1956=SURFACE_STYLE_USAGE(.BOTH.,#1958);
#1957=SURFACE_SIDE_STYLE('',(#1959));
#1958=SURFACE_SIDE_STYLE('',(#1960));
#1959=SURFACE_STYLE_FILL_AREA(#1961);
#1960=SURFACE_STYLE_FILL_AREA(#1962);
#1961=FILL_AREA_STYLE('',(#1963));
#1962=FILL_AREA_STYLE('',(#1964));
#1963=FILL_AREA_STYLE_COLOUR('',#1965);
#1964=FILL_AREA_STYLE_COLOUR('',#1965);
#1965=COLOUR_RGB('',0.647058823529412,0.647058823529412,0.647058823529412);
#1966=MANIFOLD_SOLID_BREP('Part 2',#1949);
#1967=MANIFOLD_SOLID_BREP('Part 1',#1950);
#1968=SHAPE_DEFINITION_REPRESENTATION(#3320,#1970);
#1969=SHAPE_DEFINITION_REPRESENTATION(#3321,#1971);
#1970=SHAPE_REPRESENTATION('Part 2',(#1972),#3310);
#1971=SHAPE_REPRESENTATION('Part 1',(#2117),#3311);
#1972=AXIS2_PLACEMENT_3D('',#2746,#2171,#2172);
#1973=AXIS2_PLACEMENT_3D('',#2747,#2173,#2174);
#1974=AXIS2_PLACEMENT_3D('',#2756,#2179,#2180);
#1975=AXIS2_PLACEMENT_3D('',#2765,#2185,#2186);
#1976=AXIS2_PLACEMENT_3D('',#2774,#2191,#2192);
#1977=AXIS2_PLACEMENT_3D('',#2783,#2197,#2198);
#1978=AXIS2_PLACEMENT_3D('',#2792,#2203,#2204);
#1979=AXIS2_PLACEMENT_3D('',#2801,#2209,#2210);
#1980=AXIS2_PLACEMENT_3D('',#2810,#2215,#2216);
#1981=AXIS2_PLACEMENT_3D('',#2819,#2221,#2222);
#1982=AXIS2_PLACEMENT_3D('',#2828,#2227,#2228);
#1983=AXIS2_PLACEMENT_3D('',#2837,#2233,#2234);
#1984=AXIS2_PLACEMENT_3D('',#2841,#2236,#2237);
#1985=AXIS2_PLACEMENT_3D('',#2842,#2238,#2239);
#1986=AXIS2_PLACEMENT_3D('',#2846,#2241,#2242);
#1987=AXIS2_PLACEMENT_3D('',#2847,#2243,#2244);
#1988=AXIS2_PLACEMENT_3D('',#2851,#2246,#2247);
#1989=AXIS2_PLACEMENT_3D('',#2852,#2248,#2249);
#1990=AXIS2_PLACEMENT_3D('',#2856,#2251,#2252);
#1991=AXIS2_PLACEMENT_3D('',#2857,#2253,#2254);
#1992=AXIS2_PLACEMENT_3D('',#2861,#2256,#2257);
#1993=AXIS2_PLACEMENT_3D('',#2862,#2258,#2259);
#1994=AXIS2_PLACEMENT_3D('',#2866,#2261,#2262);
#1995=AXIS2_PLACEMENT_3D('',#2867,#2263,#2264);
#1996=AXIS2_PLACEMENT_3D('',#2871,#2266,#2267);
#1997=AXIS2_PLACEMENT_3D('',#2872,#2268,#2269);
#1998=AXIS2_PLACEMENT_3D('',#2876,#2271,#2272);
#1999=AXIS2_PLACEMENT_3D('',#2877,#2273,#2274);
#2000=AXIS2_PLACEMENT_3D('',#2880,#2276,#2277);
#2001=AXIS2_PLACEMENT_3D('',#2884,#2279,#2280);
#2002=AXIS2_PLACEMENT_3D('',#2885,#2281,#2282);
#2003=AXIS2_PLACEMENT_3D('',#2897,#2288,#2289);
#2004=AXIS2_PLACEMENT_3D('',#2901,#2291,#2292);
#2005=AXIS2_PLACEMENT_3D('',#2905,#2294,#2295);
#2006=AXIS2_PLACEMENT_3D('',#2909,#2297,#2298);
#2007=AXIS2_PLACEMENT_3D('',#2913,#2300,#2301);
#2008=AXIS2_PLACEMENT_3D('',#2917,#2303,#2304);
#2009=AXIS2_PLACEMENT_3D('',#2921,#2306,#2307);
#2010=AXIS2_PLACEMENT_3D('',#2925,#2309,#2310);
#2011=AXIS2_PLACEMENT_3D('',#2926,#2311,#2312);
#2012=AXIS2_PLACEMENT_3D('',#2927,#2313,#2314);
#2013=AXIS2_PLACEMENT_3D('',#2931,#2316,#2317);
#2014=AXIS2_PLACEMENT_3D('',#2932,#2318,#2319);
#2015=AXIS2_PLACEMENT_3D('',#2936,#2321,#2322);
#2016=AXIS2_PLACEMENT_3D('',#2937,#2323,#2324);
#2017=AXIS2_PLACEMENT_3D('',#2941,#2326,#2327);
#2018=AXIS2_PLACEMENT_3D('',#2942,#2328,#2329);
#2019=AXIS2_PLACEMENT_3D('',#2946,#2331,#2332);
#2020=AXIS2_PLACEMENT_3D('',#2947,#2333,#2334);
#2021=AXIS2_PLACEMENT_3D('',#2951,#2336,#2337);
#2022=AXIS2_PLACEMENT_3D('',#2952,#2338,#2339);
#2023=AXIS2_PLACEMENT_3D('',#2956,#2341,#2342);
#2024=AXIS2_PLACEMENT_3D('',#2957,#2343,#2344);
#2025=AXIS2_PLACEMENT_3D('',#2961,#2346,#2347);
#2026=AXIS2_PLACEMENT_3D('',#2962,#2348,#2349);
#2027=AXIS2_PLACEMENT_3D('',#2966,#2351,#2352);
#2028=AXIS2_PLACEMENT_3D('',#2967,#2353,#2354);
#2029=AXIS2_PLACEMENT_3D('',#2971,#2356,#2357);
#2030=AXIS2_PLACEMENT_3D('',#2974,#2359,#2360);
#2031=AXIS2_PLACEMENT_3D('',#2978,#2362,#2363);
#2032=AXIS2_PLACEMENT_3D('',#2982,#2365,#2366);
#2033=AXIS2_PLACEMENT_3D('',#2986,#2368,#2369);
#2034=AXIS2_PLACEMENT_3D('',#2990,#2371,#2372);
#2035=AXIS2_PLACEMENT_3D('',#2991,#2373,#2374);
#2036=AXIS2_PLACEMENT_3D('',#2993,#2375,#2376);
#2037=AXIS2_PLACEMENT_3D('',#2995,#2377,#2378);
#2038=AXIS2_PLACEMENT_3D('',#2997,#2379,#2380);
#2039=AXIS2_PLACEMENT_3D('',#3002,#2382,#2383);
#2040=AXIS2_PLACEMENT_3D('',#3006,#2385,#2386);
#2041=AXIS2_PLACEMENT_3D('',#3010,#2388,#2389);
#2042=AXIS2_PLACEMENT_3D('',#3014,#2391,#2392);
#2043=AXIS2_PLACEMENT_3D('',#3018,#2394,#2395);
#2044=AXIS2_PLACEMENT_3D('',#3022,#2397,#2398);
#2045=AXIS2_PLACEMENT_3D('',#3026,#2400,#2401);
#2046=AXIS2_PLACEMENT_3D('',#3030,#2403,#2404);
#2047=AXIS2_PLACEMENT_3D('',#3031,#2405,#2406);
#2048=AXIS2_PLACEMENT_3D('',#3037,#2410,#2411);
#2049=AXIS2_PLACEMENT_3D('',#3043,#2415,#2416);
#2050=AXIS2_PLACEMENT_3D('',#3049,#2420,#2421);
#2051=AXIS2_PLACEMENT_3D('',#3055,#2425,#2426);
#2052=AXIS2_PLACEMENT_3D('',#3056,#2427,#2428);
#2053=AXIS2_PLACEMENT_3D('',#3057,#2429,#2430);
#2054=AXIS2_PLACEMENT_3D('',#3058,#2431,#2432);
#2055=AXIS2_PLACEMENT_3D('',#3059,#2433,#2434);
#2056=AXIS2_PLACEMENT_3D('',#3060,#2435,#2436);
#2057=AXIS2_PLACEMENT_3D('',#3061,#2437,#2438);
#2058=AXIS2_PLACEMENT_3D('',#3062,#2439,#2440);
#2059=AXIS2_PLACEMENT_3D('',#3063,#2441,#2442);
#2060=AXIS2_PLACEMENT_3D('',#3064,#2443,#2444);
#2061=AXIS2_PLACEMENT_3D('',#3066,#2445,#2446);
#2062=AXIS2_PLACEMENT_3D('',#3068,#2447,#2448);
#2063=AXIS2_PLACEMENT_3D('',#3070,#2449,#2450);
#2064=AXIS2_PLACEMENT_3D('',#3080,#2455,#2456);
#2065=AXIS2_PLACEMENT_3D('',#3083,#2459,#2460);
#2066=AXIS2_PLACEMENT_3D('',#3085,#2462,#2463);
#2067=AXIS2_PLACEMENT_3D('',#3087,#2465,#2466);
#2068=AXIS2_PLACEMENT_3D('',#3088,#2467,#2468);
#2069=AXIS2_PLACEMENT_3D('',#3089,#2469,#2470);
#2070=AXIS2_PLACEMENT_3D('',#3090,#2471,#2472);
#2071=AXIS2_PLACEMENT_3D('',#3091,#2473,#2474);
#2072=AXIS2_PLACEMENT_3D('',#3092,#2475,#2476);
#2073=AXIS2_PLACEMENT_3D('',#3095,#2479,#2480);
#2074=AXIS2_PLACEMENT_3D('',#3098,#2483,#2484);
#2075=AXIS2_PLACEMENT_3D('',#3101,#2487,#2488);
#2076=AXIS2_PLACEMENT_3D('',#3104,#2491,#2492);
#2077=AXIS2_PLACEMENT_3D('',#3107,#2495,#2496);
#2078=AXIS2_PLACEMENT_3D('',#3110,#2499,#2500);
#2079=AXIS2_PLACEMENT_3D('',#3113,#2503,#2504);
#2080=AXIS2_PLACEMENT_3D('',#3116,#2507,#2508);
#2081=AXIS2_PLACEMENT_3D('',#3119,#2511,#2512);
#2082=AXIS2_PLACEMENT_3D('',#3121,#2514,#2515);
#2083=AXIS2_PLACEMENT_3D('',#3124,#2518,#2519);
#2084=AXIS2_PLACEMENT_3D('',#3127,#2522,#2523);
#2085=AXIS2_PLACEMENT_3D('',#3130,#2526,#2527);
#2086=AXIS2_PLACEMENT_3D('',#3133,#2530,#2531);
#2087=AXIS2_PLACEMENT_3D('',#3136,#2534,#2535);
#2088=AXIS2_PLACEMENT_3D('',#3139,#2538,#2539);
#2089=AXIS2_PLACEMENT_3D('',#3142,#2542,#2543);
#2090=AXIS2_PLACEMENT_3D('',#3145,#2546,#2547);
#2091=AXIS2_PLACEMENT_3D('',#3146,#2548,#2549);
#2092=AXIS2_PLACEMENT_3D('',#3147,#2550,#2551);
#2093=AXIS2_PLACEMENT_3D('',#3148,#2552,#2553);
#2094=AXIS2_PLACEMENT_3D('',#3149,#2554,#2555);
#2095=AXIS2_PLACEMENT_3D('',#3150,#2556,#2557);
#2096=AXIS2_PLACEMENT_3D('',#3151,#2558,#2559);
#2097=AXIS2_PLACEMENT_3D('',#3152,#2560,#2561);
#2098=AXIS2_PLACEMENT_3D('',#3153,#2562,#2563);
#2099=AXIS2_PLACEMENT_3D('',#3154,#2564,#2565);
#2100=AXIS2_PLACEMENT_3D('',#3155,#2566,#2567);
#2101=AXIS2_PLACEMENT_3D('',#3156,#2568,#2569);
#2102=AXIS2_PLACEMENT_3D('',#3157,#2570,#2571);
#2103=AXIS2_PLACEMENT_3D('',#3158,#2572,#2573);
#2104=AXIS2_PLACEMENT_3D('',#3159,#2574,#2575);
#2105=AXIS2_PLACEMENT_3D('',#3160,#2576,#2577);
#2106=AXIS2_PLACEMENT_3D('',#3161,#2578,#2579);
#2107=AXIS2_PLACEMENT_3D('',#3162,#2580,#2581);
#2108=AXIS2_PLACEMENT_3D('',#3163,#2582,#2583);
#2109=AXIS2_PLACEMENT_3D('',#3164,#2584,#2585);
#2110=AXIS2_PLACEMENT_3D('',#3165,#2586,#2587);
#2111=AXIS2_PLACEMENT_3D('',#3166,#2588,#2589);
#2112=AXIS2_PLACEMENT_3D('',#3167,#2590,#2591);
#2113=AXIS2_PLACEMENT_3D('',#3168,#2592,#2593);
#2114=AXIS2_PLACEMENT_3D('',#3169,#2594,#2595);
#2115=AXIS2_PLACEMENT_3D('',#3170,#2596,#2597);
#2116=AXIS2_PLACEMENT_3D('',#3171,#2598,#2599);
#2117=AXIS2_PLACEMENT_3D('',#3172,#2600,#2601);
#2118=AXIS2_PLACEMENT_3D('',#3173,#2602,#2603);
#2119=AXIS2_PLACEMENT_3D('',#3174,#2604,#2605);
#2120=AXIS2_PLACEMENT_3D('',#3177,#2606,#2607);
#2121=AXIS2_PLACEMENT_3D('',#3181,#2609,#2610);
#2122=AXIS2_PLACEMENT_3D('',#3183,#2611,#2612);
#2123=AXIS2_PLACEMENT_3D('',#3194,#2618,#2619);
#2124=AXIS2_PLACEMENT_3D('',#3203,#2624,#2625);
#2125=AXIS2_PLACEMENT_3D('',#3215,#2631,#2632);
#2126=AXIS2_PLACEMENT_3D('',#3217,#2633,#2634);
#2127=AXIS2_PLACEMENT_3D('',#3221,#2636,#2637);
#2128=AXIS2_PLACEMENT_3D('',#3223,#2638,#2639);
#2129=AXIS2_PLACEMENT_3D('',#3224,#2640,#2641);
#2130=AXIS2_PLACEMENT_3D('',#3225,#2642,#2643);
#2131=AXIS2_PLACEMENT_3D('',#3227,#2644,#2645);
#2132=AXIS2_PLACEMENT_3D('',#3229,#2646,#2647);
#2133=AXIS2_PLACEMENT_3D('',#3231,#2648,#2649);
#2134=AXIS2_PLACEMENT_3D('',#3238,#2653,#2654);
#2135=AXIS2_PLACEMENT_3D('',#3239,#2655,#2656);
#2136=AXIS2_PLACEMENT_3D('',#3243,#2658,#2659);
#2137=AXIS2_PLACEMENT_3D('',#3247,#2661,#2662);
#2138=AXIS2_PLACEMENT_3D('',#3248,#2663,#2664);
#2139=AXIS2_PLACEMENT_3D('',#3251,#2667,#2668);
#2140=AXIS2_PLACEMENT_3D('',#3254,#2671,#2672);
#2141=AXIS2_PLACEMENT_3D('',#3255,#2673,#2674);
#2142=AXIS2_PLACEMENT_3D('',#3256,#2675,#2676);
#2143=AXIS2_PLACEMENT_3D('',#3258,#2678,#2679);
#2144=AXIS2_PLACEMENT_3D('',#3259,#2680,#2681);
#2145=AXIS2_PLACEMENT_3D('',#3261,#2683,#2684);
#2146=AXIS2_PLACEMENT_3D('',#3262,#2685,#2686);
#2147=AXIS2_PLACEMENT_3D('',#3266,#2689,#2690);
#2148=AXIS2_PLACEMENT_3D('',#3270,#2693,#2694);
#2149=AXIS2_PLACEMENT_3D('',#3272,#2696,#2697);
#2150=AXIS2_PLACEMENT_3D('',#3278,#2701,#2702);
#2151=AXIS2_PLACEMENT_3D('',#3284,#2706,#2707);
#2152=AXIS2_PLACEMENT_3D('',#3285,#2708,#2709);
#2153=AXIS2_PLACEMENT_3D('',#3286,#2710,#2711);
#2154=AXIS2_PLACEMENT_3D('',#3287,#2712,#2713);
#2155=AXIS2_PLACEMENT_3D('',#3288,#2714,#2715);
#2156=AXIS2_PLACEMENT_3D('',#3289,#2716,#2717);
#2157=AXIS2_PLACEMENT_3D('',#3290,#2718,#2719);
#2158=AXIS2_PLACEMENT_3D('',#3291,#2720,#2721);
#2159=AXIS2_PLACEMENT_3D('',#3292,#2722,#2723);
#2160=AXIS2_PLACEMENT_3D('',#3293,#2724,#2725);
#2161=AXIS2_PLACEMENT_3D('',#3295,#2726,#2727);
#2162=AXIS2_PLACEMENT_3D('',#3296,#2728,#2729);
#2163=AXIS2_PLACEMENT_3D('',#3297,#2730,#2731);
#2164=AXIS2_PLACEMENT_3D('',#3299,#2732,#2733);
#2165=AXIS2_PLACEMENT_3D('',#3300,#2734,#2735);
#2166=AXIS2_PLACEMENT_3D('',#3301,#2736,#2737);
#2167=AXIS2_PLACEMENT_3D('',#3303,#2738,#2739);
#2168=AXIS2_PLACEMENT_3D('',#3304,#2740,#2741);
#2169=AXIS2_PLACEMENT_3D('',#3305,#2742,#2743);
#2170=AXIS2_PLACEMENT_3D('',#3307,#2744,#2745);
#2171=DIRECTION('',(0.,0.,1.));
#2172=DIRECTION('',(1.,0.,0.));
#2173=DIRECTION('',(0.,1.,-1.22464679914735E-16));
#2174=DIRECTION('',(0.,-1.22464679914735E-16,-1.));
#2175=DIRECTION('',(1.,0.,0.));
#2176=DIRECTION('',(0.,1.22464679914735E-16,1.));
#2177=DIRECTION('',(1.,0.,0.));
#2178=DIRECTION('',(0.,-1.22464679914735E-16,-1.));
#2179=DIRECTION('',(0.,1.,-1.22464679914735E-16));
#2180=DIRECTION('',(0.,-1.22464679914735E-16,-1.));
#2181=DIRECTION('',(1.,0.,0.));
#2182=DIRECTION('',(0.,1.22464679914735E-16,1.));
#2183=DIRECTION('',(1.,0.,0.));
#2184=DIRECTION('',(0.,-1.22464679914735E-16,-1.));
#2185=DIRECTION('',(0.,1.,-1.22464679914735E-16));
#2186=DIRECTION('',(0.,-1.22464679914735E-16,-1.));
#2187=DIRECTION('',(1.,0.,0.));
#2188=DIRECTION('',(0.,-1.22464679914735E-16,-1.));
#2189=DIRECTION('',(1.,0.,0.));
#2190=DIRECTION('',(0.,-1.22464679914735E-16,-1.));
#2191=DIRECTION('',(0.,1.,-1.22464679914735E-16));
#2192=DIRECTION('',(0.,-1.22464679914735E-16,-1.));
#2193=DIRECTION('',(1.,0.,0.));
#2194=DIRECTION('',(0.,-1.22464679914735E-16,-1.));
#2195=DIRECTION('',(1.,0.,0.));
#2196=DIRECTION('',(0.,-1.22464679914735E-16,-1.));
#2197=DIRECTION('',(0.,1.,-1.22464679914735E-16));
#2198=DIRECTION('',(0.,-1.22464679914735E-16,-1.));
#2199=DIRECTION('',(1.,0.,0.));
#2200=DIRECTION('',(0.,-1.22464679914735E-16,-1.));
#2201=DIRECTION('',(1.,0.,0.));
#2202=DIRECTION('',(0.,-1.22464679914735E-16,-1.));
#2203=DIRECTION('',(0.,1.,-1.22464679914735E-16));
#2204=DIRECTION('',(0.,-1.22464679914735E-16,-1.));
#2205=DIRECTION('',(1.,0.,0.));
#2206=DIRECTION('',(0.,-1.22464679914735E-16,-1.));
#2207=DIRECTION('',(1.,0.,0.));
#2208=DIRECTION('',(0.,-1.22464679914735E-16,-1.));
#2209=DIRECTION('',(0.,1.,-1.22464679914735E-16));
#2210=DIRECTION('',(0.,-1.22464679914735E-16,-1.));
#2211=DIRECTION('',(1.,0.,0.));
#2212=DIRECTION('',(0.,-1.22464679914735E-16,-1.));
#2213=DIRECTION('',(1.,0.,0.));
#2214=DIRECTION('',(0.,-1.22464679914735E-16,-1.));
#2215=DIRECTION('',(0.,1.,-1.22464679914735E-16));
#2216=DIRECTION('',(0.,-1.22464679914735E-16,-1.));
#2217=DIRECTION('',(1.,0.,0.));
#2218=DIRECTION('',(0.,-1.22464679914735E-16,-1.));
#2219=DIRECTION('',(1.,0.,0.));
#2220=DIRECTION('',(0.,-1.22464679914735E-16,-1.));
#2221=DIRECTION('',(0.,1.,-1.22464679914735E-16));
#2222=DIRECTION('',(0.,-1.22464679914735E-16,-1.));
#2223=DIRECTION('',(1.,0.,0.));
#2224=DIRECTION('',(0.,-1.22464679914735E-16,-1.));
#2225=DIRECTION('',(1.,0.,0.));
#2226=DIRECTION('',(0.,-1.22464679914735E-16,-1.));
#2227=DIRECTION('',(0.,1.,-1.22464679914735E-16));
#2228=DIRECTION('',(0.,-1.22464679914735E-16,-1.));
#2229=DIRECTION('',(1.,0.,0.));
#2230=DIRECTION('',(0.,-1.22464679914735E-16,-1.));
#2231=DIRECTION('',(1.,0.,0.));
#2232=DIRECTION('',(0.,-1.22464679914735E-16,-1.));
#2233=DIRECTION('',(0.,1.22464679914735E-16,1.));
#2234=DIRECTION('',(1.,0.,0.));
#2235=DIRECTION('',(0.,1.,-1.22464679914735E-16));
#2236=DIRECTION('',(0.,-1.22464679914735E-16,-1.));
#2237=DIRECTION('',(1.,0.,0.));
#2238=DIRECTION('',(0.,-1.22464679914735E-16,-1.));
#2239=DIRECTION('',(1.,0.,0.));
#2240=DIRECTION('',(0.,1.,-1.22464679914735E-16));
#2241=DIRECTION('',(0.,-1.22464679914735E-16,-1.));
#2242=DIRECTION('',(1.,0.,0.));
#2243=DIRECTION('',(0.,-1.22464679914735E-16,-1.));
#2244=DIRECTION('',(1.,0.,0.));
#2245=DIRECTION('',(0.,1.,-1.22464679914735E-16));
#2246=DIRECTION('',(0.,-1.22464679914735E-16,-1.));
#2247=DIRECTION('',(1.,0.,0.));
#2248=DIRECTION('',(0.,-1.22464679914735E-16,-1.));
#2249=DIRECTION('',(1.,0.,0.));
#2250=DIRECTION('',(0.,1.,-1.22464679914735E-16));
#2251=DIRECTION('',(0.,-1.22464679914735E-16,-1.));
#2252=DIRECTION('',(1.,0.,0.));
#2253=DIRECTION('',(0.,-1.22464679914735E-16,-1.));
#2254=DIRECTION('',(1.,0.,0.));
#2255=DIRECTION('',(0.,1.,-1.22464679914735E-16));
#2256=DIRECTION('',(0.,-1.22464679914735E-16,-1.));
#2257=DIRECTION('',(1.,0.,0.));
#2258=DIRECTION('',(0.,-1.22464679914735E-16,-1.));
#2259=DIRECTION('',(1.,0.,0.));
#2260=DIRECTION('',(0.,1.,-1.22464679914735E-16));
#2261=DIRECTION('',(0.,-1.22464679914735E-16,-1.));
#2262=DIRECTION('',(1.,0.,0.));
#2263=DIRECTION('',(0.,-1.22464679914735E-16,-1.));
#2264=DIRECTION('',(1.,0.,0.));
#2265=DIRECTION('',(0.,1.,-1.22464679914735E-16));
#2266=DIRECTION('',(0.,-1.22464679914735E-16,-1.));
#2267=DIRECTION('',(1.,0.,0.));
#2268=DIRECTION('',(0.,-1.22464679914735E-16,-1.));
#2269=DIRECTION('',(1.,0.,0.));
#2270=DIRECTION('',(0.,1.,-1.22464679914735E-16));
#2271=DIRECTION('',(0.,-1.22464679914735E-16,-1.));
#2272=DIRECTION('',(1.,0.,0.));
#2273=DIRECTION('',(0.,-1.22464679914735E-16,-1.));
#2274=DIRECTION('',(1.,0.,0.));
#2275=DIRECTION('',(0.,1.,-1.22464679914735E-16));
#2276=DIRECTION('',(0.,-1.22464679914735E-16,-1.));
#2277=DIRECTION('',(1.,0.,0.));
#2278=DIRECTION('',(0.,1.,-1.22464679914735E-16));
#2279=DIRECTION('',(0.,-1.22464679914735E-16,-1.));
#2280=DIRECTION('',(1.,0.,0.));
#2281=DIRECTION('',(0.,-1.22464679914735E-16,-1.));
#2282=DIRECTION('',(1.,0.,0.));
#2283=DIRECTION('',(1.,0.,0.));
#2284=DIRECTION('',(0.,-1.,1.22464679914735E-16));
#2285=DIRECTION('',(-1.,0.,0.));
#2286=DIRECTION('',(0.,-1.,1.22464679914735E-16));
#2287=DIRECTION('',(1.,0.,0.));
#2288=DIRECTION('',(0.,-1.22464679914735E-16,-1.));
#2289=DIRECTION('',(1.,0.,0.));
#2290=DIRECTION('',(0.,-1.,1.22464679914735E-16));
#2291=DIRECTION('',(0.,-1.22464679914735E-16,-1.));
#2292=DIRECTION('',(1.,0.,0.));
#2293=DIRECTION('',(1.,0.,0.));
#2294=DIRECTION('',(0.,-1.22464679914735E-16,-1.));
#2295=DIRECTION('',(1.,0.,0.));
#2296=DIRECTION('',(-1.53864599892427E-16,-1.,1.22464679914735E-16));
#2297=DIRECTION('',(0.,-1.22464679914735E-16,-1.));
#2298=DIRECTION('',(1.,0.,0.));
#2299=DIRECTION('',(0.,1.,-1.22464679914735E-16));
#2300=DIRECTION('',(0.,-1.22464679914735E-16,-1.));
#2301=DIRECTION('',(1.,0.,0.));
#2302=DIRECTION('',(1.,0.,0.));
#2303=DIRECTION('',(0.,-1.22464679914735E-16,-1.));
#2304=DIRECTION('',(1.,0.,0.));
#2305=DIRECTION('',(0.,1.,-1.22464679914735E-16));
#2306=DIRECTION('',(0.,-1.22464679914735E-16,-1.));
#2307=DIRECTION('',(1.,0.,0.));
#2308=DIRECTION('',(1.,0.,0.));
#2309=DIRECTION('',(0.,-1.22464679914735E-16,-1.));
#2310=DIRECTION('',(1.,0.,0.));
#2311=DIRECTION('',(0.,1.22464679914735E-16,1.));
#2312=DIRECTION('',(1.,0.,0.));
#2313=DIRECTION('',(0.,-1.22464679914735E-16,-1.));
#2314=DIRECTION('',(1.,0.,0.));
#2315=DIRECTION('',(0.,1.,-1.22464679914735E-16));
#2316=DIRECTION('',(0.,-1.22464679914735E-16,-1.));
#2317=DIRECTION('',(1.,0.,0.));
#2318=DIRECTION('',(0.,-1.22464679914735E-16,-1.));
#2319=DIRECTION('',(1.,0.,0.));
#2320=DIRECTION('',(0.,1.,-1.22464679914735E-16));
#2321=DIRECTION('',(0.,-1.22464679914735E-16,-1.));
#2322=DIRECTION('',(1.,0.,0.));
#2323=DIRECTION('',(0.,-1.22464679914735E-16,-1.));
#2324=DIRECTION('',(1.,0.,0.));
#2325=DIRECTION('',(0.,1.,-1.22464679914735E-16));
#2326=DIRECTION('',(0.,-1.22464679914735E-16,-1.));
#2327=DIRECTION('',(1.,0.,0.));
#2328=DIRECTION('',(0.,-1.22464679914735E-16,-1.));
#2329=DIRECTION('',(1.,0.,0.));
#2330=DIRECTION('',(0.,1.,-1.22464679914735E-16));
#2331=DIRECTION('',(0.,-1.22464679914735E-16,-1.));
#2332=DIRECTION('',(1.,0.,0.));
#2333=DIRECTION('',(0.,-1.22464679914735E-16,-1.));
#2334=DIRECTION('',(1.,0.,0.));
#2335=DIRECTION('',(0.,1.,-1.22464679914735E-16));
#2336=DIRECTION('',(0.,-1.22464679914735E-16,-1.));
#2337=DIRECTION('',(1.,0.,0.));
#2338=DIRECTION('',(0.,-1.22464679914735E-16,-1.));
#2339=DIRECTION('',(1.,0.,0.));
#2340=DIRECTION('',(0.,1.,-1.22464679914735E-16));
#2341=DIRECTION('',(0.,-1.22464679914735E-16,-1.));
#2342=DIRECTION('',(1.,0.,0.));
#2343=DIRECTION('',(0.,-1.22464679914735E-16,-1.));
#2344=DIRECTION('',(1.,0.,0.));
#2345=DIRECTION('',(0.,1.,-1.22464679914735E-16));
#2346=DIRECTION('',(0.,-1.22464679914735E-16,-1.));
#2347=DIRECTION('',(1.,0.,0.));
#2348=DIRECTION('',(0.,-1.22464679914735E-16,-1.));
#2349=DIRECTION('',(1.,0.,0.));
#2350=DIRECTION('',(0.,1.,-1.22464679914735E-16));
#2351=DIRECTION('',(0.,-1.22464679914735E-16,-1.));
#2352=DIRECTION('',(1.,0.,0.));
#2353=DIRECTION('',(0.,-1.22464679914735E-16,-1.));
#2354=DIRECTION('',(1.,0.,0.));
#2355=DIRECTION('',(0.,1.,-1.22464679914735E-16));
#2356=DIRECTION('',(0.,-1.22464679914735E-16,-1.));
#2357=DIRECTION('',(1.,0.,0.));
#2358=DIRECTION('',(0.,1.,-1.22464679914735E-16));
#2359=DIRECTION('',(0.,-1.22464679914735E-16,-1.));
#2360=DIRECTION('',(1.,0.,0.));
#2361=DIRECTION('',(-1.53864599892427E-16,-1.,1.22464679914735E-16));
#2362=DIRECTION('',(0.,-1.22464679914735E-16,-1.));
#2363=DIRECTION('',(1.,0.,0.));
#2364=DIRECTION('',(1.,0.,0.));
#2365=DIRECTION('',(0.,-1.22464679914735E-16,-1.));
#2366=DIRECTION('',(1.,0.,0.));
#2367=DIRECTION('',(0.,-1.,1.22464679914735E-16));
#2368=DIRECTION('',(0.,-1.22464679914735E-16,-1.));
#2369=DIRECTION('',(1.,0.,0.));
#2370=DIRECTION('',(1.,0.,0.));
#2371=DIRECTION('',(0.,-1.22464679914735E-16,-1.));
#2372=DIRECTION('',(1.,0.,0.));
#2373=DIRECTION('',(0.,-1.22464679914735E-16,-1.));
#2374=DIRECTION('',(1.,0.,0.));
#2375=DIRECTION('',(0.,-1.22464679914735E-16,-1.));
#2376=DIRECTION('',(1.,0.,0.));
#2377=DIRECTION('',(0.,-1.22464679914735E-16,-1.));
#2378=DIRECTION('',(1.,0.,0.));
#2379=DIRECTION('',(0.,-1.22464679914735E-16,-1.));
#2380=DIRECTION('',(1.,0.,0.));
#2381=DIRECTION('',(0.,-1.,1.22464679914735E-16));
#2382=DIRECTION('',(0.,-1.22464679914735E-16,-1.));
#2383=DIRECTION('',(1.,0.,0.));
#2384=DIRECTION('',(1.,0.,0.));
#2385=DIRECTION('',(0.,-1.22464679914735E-16,-1.));
#2386=DIRECTION('',(1.,0.,0.));
#2387=DIRECTION('',(0.,-1.,1.22464679914735E-16));
#2388=DIRECTION('',(0.,-1.22464679914735E-16,-1.));
#2389=DIRECTION('',(1.,0.,0.));
#2390=DIRECTION('',(1.,0.,0.));
#2391=DIRECTION('',(0.,-1.22464679914735E-16,-1.));
#2392=DIRECTION('',(1.,0.,0.));
#2393=DIRECTION('',(1.,0.,0.));
#2394=DIRECTION('',(0.,-1.22464679914735E-16,-1.));
#2395=DIRECTION('',(1.,0.,0.));
#2396=DIRECTION('',(0.,1.,-1.22464679914735E-16));
#2397=DIRECTION('',(0.,-1.22464679914735E-16,-1.));
#2398=DIRECTION('',(1.,0.,0.));
#2399=DIRECTION('',(1.,0.,0.));
#2400=DIRECTION('',(0.,-1.22464679914735E-16,-1.));
#2401=DIRECTION('',(1.,0.,0.));
#2402=DIRECTION('',(0.,1.,-1.22464679914735E-16));
#2403=DIRECTION('',(0.,-1.22464679914735E-16,-1.));
#2404=DIRECTION('',(1.,0.,0.));
#2405=DIRECTION('',(-1.,0.,0.));
#2406=DIRECTION('',(0.,1.22464679914735E-16,1.));
#2407=DIRECTION('',(0.,-1.,1.22464679914735E-16));
#2408=DIRECTION('',(0.,-1.22464679914735E-16,-1.));
#2409=DIRECTION('',(0.,-1.22464679914735E-16,-1.));
#2410=DIRECTION('',(0.,-1.,1.22464679914735E-16));
#2411=DIRECTION('',(0.,1.22464679914735E-16,1.));
#2412=DIRECTION('',(0.,-1.22464679914735E-16,-1.));
#2413=DIRECTION('',(0.,-1.22464679914735E-16,-1.));
#2414=DIRECTION('',(1.,0.,0.));
#2415=DIRECTION('',(-1.,0.,0.));
#2416=DIRECTION('',(0.,1.22464679914735E-16,1.));
#2417=DIRECTION('',(0.,-1.22464679914735E-16,-1.));
#2418=DIRECTION('',(0.,-1.22464679914735E-16,-1.));
#2419=DIRECTION('',(0.,-1.,1.22464679914735E-16));
#2420=DIRECTION('',(0.,-1.,1.22464679914735E-16));
#2421=DIRECTION('',(0.,1.22464679914735E-16,1.));
#2422=DIRECTION('',(1.,0.,0.));
#2423=DIRECTION('',(0.,-1.22464679914735E-16,-1.));
#2424=DIRECTION('',(0.,-1.22464679914735E-16,-1.));
#2425=DIRECTION('',(0.,1.22464679914735E-16,1.));
#2426=DIRECTION('',(1.,0.,0.));
#2427=DIRECTION('',(0.,-1.22464679914735E-16,-1.));
#2428=DIRECTION('',(1.,0.,0.));
#2429=DIRECTION('',(0.,-1.22464679914735E-16,-1.));
#2430=DIRECTION('',(-1.,0.,0.));
#2431=DIRECTION('',(0.,-1.22464679914735E-16,-1.));
#2432=DIRECTION('',(1.,0.,0.));
#2433=DIRECTION('',(0.,-1.22464679914735E-16,-1.));
#2434=DIRECTION('',(-1.,0.,0.));
#2435=DIRECTION('',(0.,-1.22464679914735E-16,-1.));
#2436=DIRECTION('',(1.,0.,0.));
#2437=DIRECTION('',(0.,1.22464679914735E-16,1.));
#2438=DIRECTION('',(1.,0.,0.));
#2439=DIRECTION('',(0.,-1.22464679914735E-16,-1.));
#2440=DIRECTION('',(1.,0.,0.));
#2441=DIRECTION('',(0.,1.22464679914735E-16,1.));
#2442=DIRECTION('',(1.,0.,0.));
#2443=DIRECTION('',(0.,-1.22464679914735E-16,-1.));
#2444=DIRECTION('',(1.,0.,0.));
#2445=DIRECTION('',(0.,-1.22464679914735E-16,-1.));
#2446=DIRECTION('',(1.,0.,0.));
#2447=DIRECTION('',(0.,-1.22464679914735E-16,-1.));
#2448=DIRECTION('',(1.,0.,0.));
#2449=DIRECTION('',(0.,-1.22464679914735E-16,-1.));
#2450=DIRECTION('',(1.,0.,0.));
#2451=DIRECTION('',(0.,1.,-1.22464679914735E-16));
#2452=DIRECTION('',(1.,0.,0.));
#2453=DIRECTION('',(0.,-1.,1.22464679914735E-16));
#2454=DIRECTION('',(1.,0.,0.));
#2455=DIRECTION('',(0.,-1.,1.22464679914735E-16));
#2456=DIRECTION('',(0.,1.22464679914735E-16,1.));
#2457=DIRECTION('',(0.,-1.22464679914735E-16,-1.));
#2458=DIRECTION('',(0.,-1.22464679914735E-16,-1.));
#2459=DIRECTION('',(-1.,0.,0.));
#2460=DIRECTION('',(0.,1.22464679914735E-16,1.));
#2461=DIRECTION('',(0.,1.22464679914735E-16,1.));
#2462=DIRECTION('',(1.,0.,0.));
#2463=DIRECTION('',(0.,-1.22464679914735E-16,-1.));
#2464=DIRECTION('',(0.,-1.22464679914735E-16,-1.));
#2465=DIRECTION('',(0.,-1.,1.22464679914735E-16));
#2466=DIRECTION('',(0.,1.22464679914735E-16,1.));
#2467=DIRECTION('',(0.,1.22464679914735E-16,1.));
#2468=DIRECTION('',(1.,0.,0.));
#2469=DIRECTION('',(0.,-1.22464679914735E-16,-1.));
#2470=DIRECTION('',(-1.,0.,0.));
#2471=DIRECTION('',(0.,1.22464679914735E-16,1.));
#2472=DIRECTION('',(1.,0.,0.));
#2473=DIRECTION('',(0.,1.22464679914735E-16,1.));
#2474=DIRECTION('',(1.,0.,0.));
#2475=DIRECTION('',(1.,-1.53864599892427E-16,1.8842978976035E-32));
#2476=DIRECTION('',(-1.53864599892427E-16,-1.,1.22464679914735E-16));
#2477=DIRECTION('',(0.,1.22464679914735E-16,1.));
#2478=DIRECTION('',(0.,1.22464679914735E-16,1.));
#2479=DIRECTION('',(0.,1.,-1.22464679914735E-16));
#2480=DIRECTION('',(0.,-1.22464679914735E-16,-1.));
#2481=DIRECTION('',(0.,1.22464679914735E-16,1.));
#2482=DIRECTION('',(0.,1.22464679914735E-16,1.));
#2483=DIRECTION('',(1.,0.,0.));
#2484=DIRECTION('',(0.,-1.22464679914735E-16,-1.));
#2485=DIRECTION('',(0.,1.22464679914735E-16,1.));
#2486=DIRECTION('',(0.,1.22464679914735E-16,1.));
#2487=DIRECTION('',(0.,1.,-1.22464679914735E-16));
#2488=DIRECTION('',(0.,-1.22464679914735E-16,-1.));
#2489=DIRECTION('',(0.,1.22464679914735E-16,1.));
#2490=DIRECTION('',(0.,1.22464679914735E-16,1.));
#2491=DIRECTION('',(0.,1.,-1.22464679914735E-16));
#2492=DIRECTION('',(0.,-1.22464679914735E-16,-1.));
#2493=DIRECTION('',(0.,1.22464679914735E-16,1.));
#2494=DIRECTION('',(0.,-1.22464679914735E-16,-1.));
#2495=DIRECTION('',(-1.,0.,0.));
#2496=DIRECTION('',(0.,1.22464679914735E-16,1.));
#2497=DIRECTION('',(0.,1.22464679914735E-16,1.));
#2498=DIRECTION('',(0.,1.22464679914735E-16,1.));
#2499=DIRECTION('',(0.,1.,-1.22464679914735E-16));
#2500=DIRECTION('',(0.,-1.22464679914735E-16,-1.));
#2501=DIRECTION('',(0.,-1.22464679914735E-16,-1.));
#2502=DIRECTION('',(0.,1.22464679914735E-16,1.));
#2503=DIRECTION('',(-1.,0.,0.));
#2504=DIRECTION('',(0.,1.22464679914735E-16,1.));
#2505=DIRECTION('',(0.,1.22464679914735E-16,1.));
#2506=DIRECTION('',(0.,1.22464679914735E-16,1.));
#2507=DIRECTION('',(1.,0.,0.));
#2508=DIRECTION('',(0.,-1.22464679914735E-16,-1.));
#2509=DIRECTION('',(0.,-1.22464679914735E-16,-1.));
#2510=DIRECTION('',(0.,-1.22464679914735E-16,-1.));
#2511=DIRECTION('',(1.,0.,0.));
#2512=DIRECTION('',(0.,-1.22464679914735E-16,-1.));
#2513=DIRECTION('',(0.,-1.22464679914735E-16,-1.));
#2514=DIRECTION('',(1.,0.,0.));
#2515=DIRECTION('',(0.,-1.22464679914735E-16,-1.));
#2516=DIRECTION('',(0.,-1.22464679914735E-16,-1.));
#2517=DIRECTION('',(0.,-1.22464679914735E-16,-1.));
#2518=DIRECTION('',(1.,0.,0.));
#2519=DIRECTION('',(0.,-1.22464679914735E-16,-1.));
#2520=DIRECTION('',(0.,-1.22464679914735E-16,-1.));
#2521=DIRECTION('',(0.,-1.22464679914735E-16,-1.));
#2522=DIRECTION('',(1.,0.,0.));
#2523=DIRECTION('',(0.,-1.22464679914735E-16,-1.));
#2524=DIRECTION('',(0.,-1.22464679914735E-16,-1.));
#2525=DIRECTION('',(0.,-1.22464679914735E-16,-1.));
#2526=DIRECTION('',(1.,0.,0.));
#2527=DIRECTION('',(0.,-1.22464679914735E-16,-1.));
#2528=DIRECTION('',(0.,-1.22464679914735E-16,-1.));
#2529=DIRECTION('',(0.,-1.22464679914735E-16,-1.));
#2530=DIRECTION('',(1.,0.,0.));
#2531=DIRECTION('',(0.,-1.22464679914735E-16,-1.));
#2532=DIRECTION('',(0.,-1.22464679914735E-16,-1.));
#2533=DIRECTION('',(0.,-1.22464679914735E-16,-1.));
#2534=DIRECTION('',(1.,0.,0.));
#2535=DIRECTION('',(0.,-1.22464679914735E-16,-1.));
#2536=DIRECTION('',(0.,-1.22464679914735E-16,-1.));
#2537=DIRECTION('',(0.,-1.22464679914735E-16,-1.));
#2538=DIRECTION('',(1.,0.,0.));
#2539=DIRECTION('',(0.,-1.22464679914735E-16,-1.));
#2540=DIRECTION('',(0.,-1.22464679914735E-16,-1.));
#2541=DIRECTION('',(0.,-1.22464679914735E-16,-1.));
#2542=DIRECTION('',(1.,0.,0.));
#2543=DIRECTION('',(0.,-1.22464679914735E-16,-1.));
#2544=DIRECTION('',(0.,-1.22464679914735E-16,-1.));
#2545=DIRECTION('',(0.,-1.22464679914735E-16,-1.));
#2546=DIRECTION('',(0.,1.22464679914735E-16,1.));
#2547=DIRECTION('',(1.,0.,0.));
#2548=DIRECTION('',(0.,-1.22464679914735E-16,-1.));
#2549=DIRECTION('',(-1.,0.,0.));
#2550=DIRECTION('',(0.,1.22464679914735E-16,1.));
#2551=DIRECTION('',(1.,0.,0.));
#2552=DIRECTION('',(0.,-1.22464679914735E-16,-1.));
#2553=DIRECTION('',(-1.,0.,0.));
#2554=DIRECTION('',(0.,1.22464679914735E-16,1.));
#2555=DIRECTION('',(1.,0.,0.));
#2556=DIRECTION('',(0.,-1.22464679914735E-16,-1.));
#2557=DIRECTION('',(-1.,0.,0.));
#2558=DIRECTION('',(0.,1.22464679914735E-16,1.));
#2559=DIRECTION('',(1.,0.,0.));
#2560=DIRECTION('',(0.,-1.22464679914735E-16,-1.));
#2561=DIRECTION('',(-1.,0.,0.));
#2562=DIRECTION('',(0.,-1.22464679914735E-16,-1.));
#2563=DIRECTION('',(-1.,0.,0.));
#2564=DIRECTION('',(0.,1.22464679914735E-16,1.));
#2565=DIRECTION('',(1.,0.,0.));
#2566=DIRECTION('',(0.,-1.22464679914735E-16,-1.));
#2567=DIRECTION('',(-1.,0.,0.));
#2568=DIRECTION('',(0.,1.22464679914735E-16,1.));
#2569=DIRECTION('',(1.,0.,0.));
#2570=DIRECTION('',(0.,1.22464679914735E-16,1.));
#2571=DIRECTION('',(1.,0.,0.));
#2572=DIRECTION('',(0.,-1.22464679914735E-16,-1.));
#2573=DIRECTION('',(-1.,0.,0.));
#2574=DIRECTION('',(0.,-1.22464679914735E-16,-1.));
#2575=DIRECTION('',(-1.,0.,0.));
#2576=DIRECTION('',(0.,1.22464679914735E-16,1.));
#2577=DIRECTION('',(1.,0.,0.));
#2578=DIRECTION('',(0.,1.22464679914735E-16,1.));
#2579=DIRECTION('',(1.,0.,0.));
#2580=DIRECTION('',(0.,-1.22464679914735E-16,-1.));
#2581=DIRECTION('',(-1.,0.,0.));
#2582=DIRECTION('',(0.,-1.22464679914735E-16,-1.));
#2583=DIRECTION('',(-1.,0.,0.));
#2584=DIRECTION('',(0.,1.22464679914735E-16,1.));
#2585=DIRECTION('',(1.,0.,0.));
#2586=DIRECTION('',(0.,1.22464679914735E-16,1.));
#2587=DIRECTION('',(1.,0.,0.));
#2588=DIRECTION('',(0.,-1.22464679914735E-16,-1.));
#2589=DIRECTION('',(-1.,0.,0.));
#2590=DIRECTION('',(0.,1.22464679914735E-16,1.));
#2591=DIRECTION('',(1.,0.,0.));
#2592=DIRECTION('',(0.,-1.22464679914735E-16,-1.));
#2593=DIRECTION('',(-1.,0.,0.));
#2594=DIRECTION('',(0.,1.22464679914735E-16,1.));
#2595=DIRECTION('',(1.,0.,0.));
#2596=DIRECTION('',(0.,-1.22464679914735E-16,-1.));
#2597=DIRECTION('',(-1.,0.,0.));
#2598=DIRECTION('',(0.,1.22464679914735E-16,1.));
#2599=DIRECTION('',(1.,0.,0.));
#2600=DIRECTION('',(0.,0.,1.));
#2601=DIRECTION('',(1.,0.,0.));
#2602=DIRECTION('',(0.,1.,0.));
#2603=DIRECTION('',(0.,0.,1.));
#2604=DIRECTION('',(0.,1.,0.));
#2605=DIRECTION('',(0.,0.,1.));
#2606=DIRECTION('',(0.,1.,0.));
#2607=DIRECTION('',(0.,0.,1.));
#2608=DIRECTION('',(-1.,0.,-1.89307365797986E-16));
#2609=DIRECTION('',(0.,1.,0.));
#2610=DIRECTION('',(0.,0.,1.));
#2611=DIRECTION('',(0.,1.,0.));
#2612=DIRECTION('',(0.,0.,1.));
#2613=DIRECTION('',(-1.,0.,0.));
#2614=DIRECTION('',(1.,0.,0.));
#2615=DIRECTION('',(0.,0.,1.));
#2616=DIRECTION('',(1.,0.,0.));
#2617=DIRECTION('',(0.,0.,-1.));
#2618=DIRECTION('',(-1.,0.,0.));
#2619=DIRECTION('',(0.,0.,1.));
#2620=DIRECTION('',(0.,1.,0.));
#2621=DIRECTION('',(0.,0.,-1.));
#2622=DIRECTION('',(0.,1.,0.));
#2623=DIRECTION('',(0.,0.,-1.));
#2624=DIRECTION('',(0.,1.,0.));
#2625=DIRECTION('',(0.,0.,1.));
#2626=DIRECTION('',(0.,0.,-1.));
#2627=DIRECTION('',(1.,0.,0.));
#2628=DIRECTION('',(0.,0.,-1.));
#2629=DIRECTION('',(1.,0.,0.));
#2630=DIRECTION('',(-1.,0.,-1.89307365797986E-16));
#2631=DIRECTION('',(0.,1.,0.));
#2632=DIRECTION('',(0.,0.,1.));
#2633=DIRECTION('',(0.,1.,0.));
#2634=DIRECTION('',(0.,0.,1.));
#2635=DIRECTION('',(-1.,0.,0.));
#2636=DIRECTION('',(0.,1.,0.));
#2637=DIRECTION('',(0.,0.,1.));
#2638=DIRECTION('',(0.,1.,0.));
#2639=DIRECTION('',(0.,0.,1.));
#2640=DIRECTION('',(0.,0.,1.));
#2641=DIRECTION('',(1.,0.,0.));
#2642=DIRECTION('',(0.,0.,1.));
#2643=DIRECTION('',(1.,0.,0.));
#2644=DIRECTION('',(0.,0.,1.));
#2645=DIRECTION('',(1.,0.,0.));
#2646=DIRECTION('',(0.,0.,1.));
#2647=DIRECTION('',(1.,0.,0.));
#2648=DIRECTION('',(0.,0.,1.));
#2649=DIRECTION('',(1.,0.,0.));
#2650=DIRECTION('',(0.,-1.,0.));
#2651=DIRECTION('',(0.,1.,0.));
#2652=DIRECTION('',(1.,0.,0.));
#2653=DIRECTION('',(0.,0.,1.));
#2654=DIRECTION('',(1.,0.,0.));
#2655=DIRECTION('',(0.,0.,1.));
#2656=DIRECTION('',(1.,0.,0.));
#2657=DIRECTION('',(0.,1.,0.));
#2658=DIRECTION('',(0.,0.,1.));
#2659=DIRECTION('',(1.,0.,0.));
#2660=DIRECTION('',(1.,0.,0.));
#2661=DIRECTION('',(0.,0.,1.));
#2662=DIRECTION('',(1.,0.,0.));
#2663=DIRECTION('',(0.,2.2E-16,-1.));
#2664=DIRECTION('',(0.,1.,2.2E-16));
#2665=DIRECTION('',(0.,1.,2.2E-16));
#2666=DIRECTION('',(0.,1.,2.2E-16));
#2667=DIRECTION('',(1.89307365797986E-16,2.2E-16,-1.));
#2668=DIRECTION('',(0.,1.,2.2E-16));
#2669=DIRECTION('',(0.,1.,2.2E-16));
#2670=DIRECTION('',(0.,1.,2.2E-16));
#2671=DIRECTION('',(0.,0.,1.));
#2672=DIRECTION('',(1.,0.,0.));
#2673=DIRECTION('',(0.,0.,1.));
#2674=DIRECTION('',(1.,0.,0.));
#2675=DIRECTION('',(0.,-1.,-2.2E-16));
#2676=DIRECTION('',(0.,2.2E-16,-1.));
#2677=DIRECTION('',(0.,-1.,-2.2E-16));
#2678=DIRECTION('',(0.,1.,2.2E-16));
#2679=DIRECTION('',(0.,-2.2E-16,1.));
#2680=DIRECTION('',(0.,1.,2.2E-16));
#2681=DIRECTION('',(0.,-2.2E-16,1.));
#2682=DIRECTION('',(0.,1.,2.2E-16));
#2683=DIRECTION('',(0.,-1.,-2.2E-16));
#2684=DIRECTION('',(0.,2.2E-16,-1.));
#2685=DIRECTION('',(1.,0.,0.));
#2686=DIRECTION('',(0.,0.,-1.));
#2687=DIRECTION('',(0.,0.,-1.));
#2688=DIRECTION('',(0.,1.,0.));
#2689=DIRECTION('',(-1.,0.,0.));
#2690=DIRECTION('',(0.,0.,1.));
#2691=DIRECTION('',(0.,1.,0.));
#2692=DIRECTION('',(0.,0.,-1.));
#2693=DIRECTION('',(0.,0.,1.));
#2694=DIRECTION('',(1.,0.,0.));
#2695=DIRECTION('',(-1.,0.,0.));
#2696=DIRECTION('',(-1.,0.,0.));
#2697=DIRECTION('',(0.,0.,1.));
#2698=DIRECTION('',(0.,0.,-1.));
#2699=DIRECTION('',(0.,1.,0.));
#2700=DIRECTION('',(0.,0.,-1.));
#2701=DIRECTION('',(0.,1.,0.));
#2702=DIRECTION('',(0.,0.,1.));
#2703=DIRECTION('',(1.,0.,0.));
#2704=DIRECTION('',(0.,0.,-1.));
#2705=DIRECTION('',(0.,0.,-1.));
#2706=DIRECTION('',(0.,0.,1.));
#2707=DIRECTION('',(1.,0.,0.));
#2708=DIRECTION('',(0.,0.,1.));
#2709=DIRECTION('',(1.,0.,0.));
#2710=DIRECTION('',(0.,0.,1.));
#2711=DIRECTION('',(1.,0.,0.));
#2712=DIRECTION('',(0.,0.,1.));
#2713=DIRECTION('',(1.,0.,0.));
#2714=DIRECTION('',(0.,1.,0.));
#2715=DIRECTION('',(0.,0.,1.));
#2716=DIRECTION('',(0.,0.,-1.));
#2717=DIRECTION('',(-1.,0.,0.));
#2718=DIRECTION('',(0.,0.,-1.));
#2719=DIRECTION('',(-1.,0.,0.));
#2720=DIRECTION('',(0.,0.,1.));
#2721=DIRECTION('',(1.,0.,0.));
#2722=DIRECTION('',(0.,0.,1.));
#2723=DIRECTION('',(1.,0.,0.));
#2724=DIRECTION('',(0.,0.,1.));
#2725=DIRECTION('',(1.,0.,0.));
#2726=DIRECTION('',(0.,0.,1.));
#2727=DIRECTION('',(1.,0.,0.));
#2728=DIRECTION('',(0.,0.,-1.));
#2729=DIRECTION('',(-1.,0.,0.));
#2730=DIRECTION('',(0.,0.,1.));
#2731=DIRECTION('',(1.,0.,0.));
#2732=DIRECTION('',(0.,0.,1.));
#2733=DIRECTION('',(1.,0.,0.));
#2734=DIRECTION('',(0.,0.,1.));
#2735=DIRECTION('',(1.,0.,0.));
#2736=DIRECTION('',(0.,0.,1.));
#2737=DIRECTION('',(1.,0.,0.));
#2738=DIRECTION('',(0.,0.,1.));
#2739=DIRECTION('',(1.,0.,0.));
#2740=DIRECTION('',(0.,0.,1.));
#2741=DIRECTION('',(1.,0.,0.));
#2742=DIRECTION('',(0.,0.,1.));
#2743=DIRECTION('',(1.,0.,0.));
#2744=DIRECTION('',(0.,0.,1.));
#2745=DIRECTION('',(1.,0.,0.));
#2746=CARTESIAN_POINT('',(0.,0.,0.));
#2747=CARTESIAN_POINT('',(0.173934462480247,-0.286874073988356,-0.00649));
#2748=CARTESIAN_POINT('',(0.173934462480247,-0.286874073988356,-0.00449));
#2749=CARTESIAN_POINT('',(0.310404551982879,-0.286874073988356,-0.00449));
#2750=CARTESIAN_POINT('',(0.32739584350586,-0.286874073988356,-0.00449));
#2751=CARTESIAN_POINT('',(0.32739584350586,-0.286874073988356,-0.00449));
#2752=CARTESIAN_POINT('',(0.32739584350586,-0.286874073988356,-0.00649));
#2753=CARTESIAN_POINT('',(0.173934462480247,-0.286874073988356,-0.00649));
#2754=CARTESIAN_POINT('',(0.310404551982879,-0.286874073988356,-0.00649));
#2755=CARTESIAN_POINT('',(0.310404551982879,-0.286874073988356,-0.00649));
#2756=CARTESIAN_POINT('',(0.173934462480247,-0.271050888544478,-0.00649));
#2757=CARTESIAN_POINT('',(0.173934462480247,-0.271050888544478,-0.00649));
#2758=CARTESIAN_POINT('',(0.310404551982879,-0.271050888544478,-0.00649));
#2759=CARTESIAN_POINT('',(0.32739584350586,-0.271050888544478,-0.00649));
#2760=CARTESIAN_POINT('',(0.32739584350586,-0.271050888544478,-0.00649));
#2761=CARTESIAN_POINT('',(0.32739584350586,-0.271050888544478,-0.00449));
#2762=CARTESIAN_POINT('',(0.173934462480247,-0.271050888544478,-0.00449));
#2763=CARTESIAN_POINT('',(0.310404551982879,-0.271050888544478,-0.00449));
#2764=CARTESIAN_POINT('',(0.310404551982879,-0.271050888544478,-0.00649));
#2765=CARTESIAN_POINT('',(0.173934462480247,-0.286874073988356,-0.00649));
#2766=CARTESIAN_POINT('',(0.173934462480247,-0.286874073988356,-0.00649));
#2767=CARTESIAN_POINT('',(0.286534948110581,-0.286874073988356,-0.00649));
#2768=CARTESIAN_POINT('',(0.302286194801331,-0.286874073988356,-0.00649));
#2769=CARTESIAN_POINT('',(0.286534948110581,-0.286874073988356,-0.00649));
#2770=CARTESIAN_POINT('',(0.286534948110581,-0.286874073988356,-0.00449));
#2771=CARTESIAN_POINT('',(0.173934462480247,-0.286874073988356,-0.00449));
#2772=CARTESIAN_POINT('',(0.302286194801331,-0.286874073988356,-0.00449));
#2773=CARTESIAN_POINT('',(0.302286194801331,-0.286874073988356,-0.00649));
#2774=CARTESIAN_POINT('',(0.173934462480247,-0.271050888544478,-0.00649));
#2775=CARTESIAN_POINT('',(0.173934462480247,-0.271050888544478,-0.00649));
#2776=CARTESIAN_POINT('',(0.286534948110581,-0.271050888544478,-0.00649));
#2777=CARTESIAN_POINT('',(0.302286194801331,-0.271050888544478,-0.00649));
#2778=CARTESIAN_POINT('',(0.302286194801331,-0.271050888544478,-0.00649));
#2779=CARTESIAN_POINT('',(0.302286194801331,-0.271050888544478,-0.00449));
#2780=CARTESIAN_POINT('',(0.173934462480247,-0.271050888544478,-0.00449));
#2781=CARTESIAN_POINT('',(0.286534948110581,-0.271050888544478,-0.00449));
#2782=CARTESIAN_POINT('',(0.286534948110581,-0.271050888544478,-0.00649));
#2783=CARTESIAN_POINT('',(0.173934462480247,-0.286874073988356,-0.00649));
#2784=CARTESIAN_POINT('',(0.173934462480247,-0.286874073988356,-0.00649));
#2785=CARTESIAN_POINT('',(0.205518720507622,-0.286874073988356,-0.00649));
#2786=CARTESIAN_POINT('',(0.278741138219833,-0.286874073988356,-0.00649));
#2787=CARTESIAN_POINT('',(0.205518720507622,-0.286874073988356,-0.00649));
#2788=CARTESIAN_POINT('',(0.205518720507622,-0.286874073988356,-0.00449));
#2789=CARTESIAN_POINT('',(0.173934462480247,-0.286874073988356,-0.00449));
#2790=CARTESIAN_POINT('',(0.278741138219833,-0.286874073988356,-0.00449));
#2791=CARTESIAN_POINT('',(0.278741138219833,-0.286874073988356,-0.00649));
#2792=CARTESIAN_POINT('',(0.173934462480247,-0.271050888544478,-0.00649));
#2793=CARTESIAN_POINT('',(0.173934462480247,-0.271050888544478,-0.00449));
#2794=CARTESIAN_POINT('',(0.205518720507622,-0.271050888544478,-0.00449));
#2795=CARTESIAN_POINT('',(0.278741138219833,-0.271050888544478,-0.00449));
#2796=CARTESIAN_POINT('',(0.205518720507622,-0.271050888544478,-0.00649));
#2797=CARTESIAN_POINT('',(0.205518720507622,-0.271050888544478,-0.00649));
#2798=CARTESIAN_POINT('',(0.173934462480247,-0.271050888544478,-0.00649));
#2799=CARTESIAN_POINT('',(0.278741138219833,-0.271050888544478,-0.00649));
#2800=CARTESIAN_POINT('',(0.278741138219833,-0.271050888544478,-0.00649));
#2801=CARTESIAN_POINT('',(0.173934462480247,-0.286874073988356,-0.00649));
#2802=CARTESIAN_POINT('',(0.173934462480247,-0.286874073988356,-0.00649));
#2803=CARTESIAN_POINT('',(0.123905865311623,-0.286874073988356,-0.00649));
#2804=CARTESIAN_POINT('',(0.197287099599838,-0.286874073988356,-0.00649));
#2805=CARTESIAN_POINT('',(0.123905865311623,-0.286874073988356,-0.00649));
#2806=CARTESIAN_POINT('',(0.123905865311623,-0.286874073988356,-0.00449));
#2807=CARTESIAN_POINT('',(0.173934462480247,-0.286874073988356,-0.00449));
#2808=CARTESIAN_POINT('',(0.197287099599838,-0.286874073988356,-0.00449));
#2809=CARTESIAN_POINT('',(0.197287099599838,-0.286874073988356,-0.00649));
#2810=CARTESIAN_POINT('',(0.173934462480247,-0.271050888544478,-0.00649));
#2811=CARTESIAN_POINT('',(0.173934462480247,-0.271050888544478,-0.00449));
#2812=CARTESIAN_POINT('',(0.123905865311623,-0.271050888544478,-0.00449));
#2813=CARTESIAN_POINT('',(0.197287099599838,-0.271050888544478,-0.00449));
#2814=CARTESIAN_POINT('',(0.123905865311623,-0.271050888544478,-0.00649));
#2815=CARTESIAN_POINT('',(0.123905865311623,-0.271050888544478,-0.00649));
#2816=CARTESIAN_POINT('',(0.173934462480247,-0.271050888544478,-0.00649));
#2817=CARTESIAN_POINT('',(0.197287099599838,-0.271050888544478,-0.00649));
#2818=CARTESIAN_POINT('',(0.197287099599838,-0.271050888544478,-0.00649));
#2819=CARTESIAN_POINT('',(0.173934462480247,-0.286874073988356,-0.00649));
#2820=CARTESIAN_POINT('',(0.173934462480247,-0.286874073988356,-0.00649));
#2821=CARTESIAN_POINT('',(0.044149996548891,-0.286874073988356,-0.00649));
#2822=CARTESIAN_POINT('',(0.116738328874111,-0.286874073988356,-0.00649));
#2823=CARTESIAN_POINT('',(0.044149996548891,-0.286874073988356,-0.00649));
#2824=CARTESIAN_POINT('',(0.044149996548891,-0.286874073988356,-0.00449));
#2825=CARTESIAN_POINT('',(0.173934462480247,-0.286874073988356,-0.00449));
#2826=CARTESIAN_POINT('',(0.116738328874111,-0.286874073988356,-0.00449));
#2827=CARTESIAN_POINT('',(0.116738328874111,-0.286874073988356,-0.00649));
#2828=CARTESIAN_POINT('',(0.173934462480247,-0.271050888544478,-0.00649));
#2829=CARTESIAN_POINT('',(0.173934462480247,-0.271050888544478,-0.00449));
#2830=CARTESIAN_POINT('',(0.0431499965488911,-0.271050888544478,-0.00449));
#2831=CARTESIAN_POINT('',(0.116738328874111,-0.271050888544478,-0.00449));
#2832=CARTESIAN_POINT('',(0.0431499965488911,-0.271050888544478,-0.00449));
#2833=CARTESIAN_POINT('',(0.0431499965488911,-0.271050888544478,-0.00649));
#2834=CARTESIAN_POINT('',(0.173934462480247,-0.271050888544478,-0.00649));
#2835=CARTESIAN_POINT('',(0.116738328874111,-0.271050888544478,-0.00649));
#2836=CARTESIAN_POINT('',(0.116738328874111,-0.271050888544478,-0.00649));
#2837=CARTESIAN_POINT('',(0.184143015425728,-0.227616750523728,-0.00449));
#2838=CARTESIAN_POINT('',(0.30940455198288,-0.278962481266416,-0.00449));
#2839=CARTESIAN_POINT('',(0.30940455198288,-0.285874073988356,-0.00449));
#2840=CARTESIAN_POINT('',(0.30940455198288,-0.272050888544478,-0.00449));
#2841=CARTESIAN_POINT('',(0.310404551982879,-0.272050888544478,-0.00449));
#2842=CARTESIAN_POINT('',(0.32739584350586,-0.272050888544478,-0.00449));
#2843=CARTESIAN_POINT('',(0.32839584350586,-0.272050888544478,-0.00449));
#2844=CARTESIAN_POINT('',(0.32839584350586,-0.278962481266416,-0.00449));
#2845=CARTESIAN_POINT('',(0.32839584350586,-0.285874073988356,-0.00449));
#2846=CARTESIAN_POINT('',(0.32739584350586,-0.285874073988356,-0.00449));
#2847=CARTESIAN_POINT('',(0.310404551982879,-0.285874073988356,-0.00449));
#2848=CARTESIAN_POINT('',(0.28553494811058,-0.278962481266416,-0.00449));
#2849=CARTESIAN_POINT('',(0.28553494811058,-0.285874073988356,-0.00449));
#2850=CARTESIAN_POINT('',(0.28553494811058,-0.272050888544478,-0.00449));
#2851=CARTESIAN_POINT('',(0.286534948110581,-0.272050888544478,-0.00449));
#2852=CARTESIAN_POINT('',(0.302286194801331,-0.272050888544478,-0.00449));
#2853=CARTESIAN_POINT('',(0.303286194801331,-0.272050888544478,-0.00449));
#2854=CARTESIAN_POINT('',(0.303286194801331,-0.278962481266416,-0.00449));
#2855=CARTESIAN_POINT('',(0.303286194801331,-0.285874073988356,-0.00449));
#2856=CARTESIAN_POINT('',(0.302286194801331,-0.285874073988356,-0.00449));
#2857=CARTESIAN_POINT('',(0.286534948110581,-0.285874073988356,-0.00449));
#2858=CARTESIAN_POINT('',(0.204518720507622,-0.278868371120251,-0.00449));
#2859=CARTESIAN_POINT('',(0.204518720507622,-0.285874073988356,-0.00449));
#2860=CARTESIAN_POINT('',(0.204518720507622,-0.272050888544478,-0.00449));
#2861=CARTESIAN_POINT('',(0.205518720507622,-0.272050888544478,-0.00449));
#2862=CARTESIAN_POINT('',(0.278741138219833,-0.272050888544478,-0.00449));
#2863=CARTESIAN_POINT('',(0.279741138219833,-0.272050888544478,-0.00449));
#2864=CARTESIAN_POINT('',(0.279741138219833,-0.278962481266416,-0.00449));
#2865=CARTESIAN_POINT('',(0.279741138219833,-0.285874073988356,-0.00449));
#2866=CARTESIAN_POINT('',(0.278741138219833,-0.285874073988356,-0.00449));
#2867=CARTESIAN_POINT('',(0.205518720507622,-0.285874073988356,-0.00449));
#2868=CARTESIAN_POINT('',(0.122905865311623,-0.278962481266416,-0.00449));
#2869=CARTESIAN_POINT('',(0.122905865311623,-0.285874073988356,-0.00449));
#2870=CARTESIAN_POINT('',(0.122905865311623,-0.272050888544478,-0.00449));
#2871=CARTESIAN_POINT('',(0.123905865311623,-0.272050888544478,-0.00449));
#2872=CARTESIAN_POINT('',(0.197287099599838,-0.272050888544478,-0.00449));
#2873=CARTESIAN_POINT('',(0.198287099599838,-0.272050888544478,-0.00449));
#2874=CARTESIAN_POINT('',(0.198287099599838,-0.278868371120251,-0.00449));
#2875=CARTESIAN_POINT('',(0.198287099599838,-0.285874073988356,-0.00449));
#2876=CARTESIAN_POINT('',(0.197287099599838,-0.285874073988356,-0.00449));
#2877=CARTESIAN_POINT('',(0.123905865311623,-0.285874073988356,-0.00449));
#2878=CARTESIAN_POINT('',(0.0431499965488911,-0.278962481266416,-0.00449));
#2879=CARTESIAN_POINT('',(0.0431499965488911,-0.285874073988356,-0.00449));
#2880=CARTESIAN_POINT('',(0.116738328874111,-0.272050888544478,-0.00449));
#2881=CARTESIAN_POINT('',(0.117738328874111,-0.272050888544478,-0.00449));
#2882=CARTESIAN_POINT('',(0.117738328874111,-0.278962481266416,-0.00449));
#2883=CARTESIAN_POINT('',(0.117738328874111,-0.285874073988356,-0.00449));
#2884=CARTESIAN_POINT('',(0.116738328874111,-0.285874073988356,-0.00449));
#2885=CARTESIAN_POINT('',(0.044149996548891,-0.285874073988356,-0.00449));
#2886=CARTESIAN_POINT('',(0.186133177719108,-0.292321677785284,-0.00449));
#2887=CARTESIAN_POINT('',(0.0125474465526941,-0.292321677785284,-0.00449));
#2888=CARTESIAN_POINT('',(0.355738584298762,-0.292321677785284,-0.00449));
#2889=CARTESIAN_POINT('',(0.355738584298762,-0.227652694686319,-0.00449));
#2890=CARTESIAN_POINT('',(0.355738584298762,-0.162911823262172,-0.00449));
#2891=CARTESIAN_POINT('',(0.183785327118238,-0.162911823262172,-0.00449));
#2892=CARTESIAN_POINT('',(0.0125474465526941,-0.162911823262172,-0.00449));
#2893=CARTESIAN_POINT('',(0.0125474465526941,-0.227830794203359,-0.00449));
#2894=CARTESIAN_POINT('',(0.171611642464995,-0.169866322970547,-0.00449));
#2895=CARTESIAN_POINT('',(0.0204583050906658,-0.169866322970547,-0.00449));
#2896=CARTESIAN_POINT('',(0.322764979839325,-0.169866322970547,-0.00449));
#2897=CARTESIAN_POINT('',(0.322764979839325,-0.170866322970547,-0.00449));
#2898=CARTESIAN_POINT('',(0.323764979839325,-0.170866322970547,-0.00449));
#2899=CARTESIAN_POINT('',(0.323764979839325,-0.21496372619883,-0.00449));
#2900=CARTESIAN_POINT('',(0.323764979839325,-0.259061129427113,-0.00449));
#2901=CARTESIAN_POINT('',(0.322764979839325,-0.259061129427113,-0.00449));
#2902=CARTESIAN_POINT('',(0.322764979839325,-0.260061129427113,-0.00449));
#2903=CARTESIAN_POINT('',(0.171611642464995,-0.260061129427113,-0.00449));
#2904=CARTESIAN_POINT('',(0.0204583050906658,-0.260061129427113,-0.00449));
#2905=CARTESIAN_POINT('',(0.0204583050906658,-0.259061129427113,-0.00449));
#2906=CARTESIAN_POINT('',(0.0194583050906658,-0.259061129427113,-0.00449));
#2907=CARTESIAN_POINT('',(0.0194583050906658,-0.21496372619883,-0.00449));
#2908=CARTESIAN_POINT('',(0.0194583050906658,-0.170866322970547,-0.00449));
#2909=CARTESIAN_POINT('',(0.0204583050906658,-0.170866322970547,-0.00449));
#2910=CARTESIAN_POINT('',(0.0194730814546346,-0.278962481266416,-0.00449));
#2911=CARTESIAN_POINT('',(0.0194730814546346,-0.285874073988356,-0.00449));
#2912=CARTESIAN_POINT('',(0.0194730814546346,-0.272050888544478,-0.00449));
#2913=CARTESIAN_POINT('',(0.0204730814546346,-0.272050888544478,-0.00449));
#2914=CARTESIAN_POINT('',(0.0204730814546346,-0.271050888544478,-0.00449));
#2915=CARTESIAN_POINT('',(0.173934462480247,-0.271050888544478,-0.00449));
#2916=CARTESIAN_POINT('',(0.0353466111975965,-0.271050888544478,-0.00449));
#2917=CARTESIAN_POINT('',(0.0353466111975965,-0.272050888544478,-0.00449));
#2918=CARTESIAN_POINT('',(0.0363466111975965,-0.272050888544478,-0.00449));
#2919=CARTESIAN_POINT('',(0.0363466111975965,-0.278962481266416,-0.00449));
#2920=CARTESIAN_POINT('',(0.0363466111975965,-0.285874073988356,-0.00449));
#2921=CARTESIAN_POINT('',(0.0353466111975965,-0.285874073988356,-0.00449));
#2922=CARTESIAN_POINT('',(0.0353466111975965,-0.286874073988356,-0.00449));
#2923=CARTESIAN_POINT('',(0.173934462480247,-0.286874073988356,-0.00449));
#2924=CARTESIAN_POINT('',(0.0204730814546346,-0.286874073988356,-0.00449));
#2925=CARTESIAN_POINT('',(0.0204730814546346,-0.285874073988356,-0.00449));
#2926=CARTESIAN_POINT('',(0.183785327118238,-0.227830794203359,-0.00649));
#2927=CARTESIAN_POINT('',(0.32739584350586,-0.285874073988356,-0.00649));
#2928=CARTESIAN_POINT('',(0.32839584350586,-0.285874073988356,-0.00649));
#2929=CARTESIAN_POINT('',(0.32839584350586,-0.278962481266416,-0.00649));
#2930=CARTESIAN_POINT('',(0.32839584350586,-0.272050888544478,-0.00649));
#2931=CARTESIAN_POINT('',(0.32739584350586,-0.272050888544478,-0.00649));
#2932=CARTESIAN_POINT('',(0.310404551982879,-0.272050888544478,-0.00649));
#2933=CARTESIAN_POINT('',(0.30940455198288,-0.272050888544478,-0.00649));
#2934=CARTESIAN_POINT('',(0.30940455198288,-0.278962481266416,-0.00649));
#2935=CARTESIAN_POINT('',(0.30940455198288,-0.285874073988356,-0.00649));
#2936=CARTESIAN_POINT('',(0.310404551982879,-0.285874073988356,-0.00649));
#2937=CARTESIAN_POINT('',(0.302286194801331,-0.285874073988356,-0.00649));
#2938=CARTESIAN_POINT('',(0.303286194801331,-0.285874073988356,-0.00649));
#2939=CARTESIAN_POINT('',(0.303286194801331,-0.278962481266416,-0.00649));
#2940=CARTESIAN_POINT('',(0.303286194801331,-0.272050888544478,-0.00649));
#2941=CARTESIAN_POINT('',(0.302286194801331,-0.272050888544478,-0.00649));
#2942=CARTESIAN_POINT('',(0.286534948110581,-0.272050888544478,-0.00649));
#2943=CARTESIAN_POINT('',(0.28553494811058,-0.272050888544478,-0.00649));
#2944=CARTESIAN_POINT('',(0.28553494811058,-0.278962481266416,-0.00649));
#2945=CARTESIAN_POINT('',(0.28553494811058,-0.285874073988356,-0.00649));
#2946=CARTESIAN_POINT('',(0.286534948110581,-0.285874073988356,-0.00649));
#2947=CARTESIAN_POINT('',(0.278741138219833,-0.285874073988356,-0.00649));
#2948=CARTESIAN_POINT('',(0.279741138219833,-0.285874073988356,-0.00649));
#2949=CARTESIAN_POINT('',(0.279741138219833,-0.278962481266416,-0.00649));
#2950=CARTESIAN_POINT('',(0.279741138219833,-0.272050888544478,-0.00649));
#2951=CARTESIAN_POINT('',(0.278741138219833,-0.272050888544478,-0.00649));
#2952=CARTESIAN_POINT('',(0.205518720507622,-0.272050888544478,-0.00649));
#2953=CARTESIAN_POINT('',(0.204518720507622,-0.272050888544478,-0.00649));
#2954=CARTESIAN_POINT('',(0.204518720507622,-0.278868371120251,-0.00649));
#2955=CARTESIAN_POINT('',(0.204518720507622,-0.285874073988356,-0.00649));
#2956=CARTESIAN_POINT('',(0.205518720507622,-0.285874073988356,-0.00649));
#2957=CARTESIAN_POINT('',(0.197287099599838,-0.285874073988356,-0.00649));
#2958=CARTESIAN_POINT('',(0.198287099599838,-0.285874073988356,-0.00649));
#2959=CARTESIAN_POINT('',(0.198287099599838,-0.278868371120251,-0.00649));
#2960=CARTESIAN_POINT('',(0.198287099599838,-0.272050888544478,-0.00649));
#2961=CARTESIAN_POINT('',(0.197287099599838,-0.272050888544478,-0.00649));
#2962=CARTESIAN_POINT('',(0.123905865311623,-0.272050888544478,-0.00649));
#2963=CARTESIAN_POINT('',(0.122905865311623,-0.272050888544478,-0.00649));
#2964=CARTESIAN_POINT('',(0.122905865311623,-0.278962481266416,-0.00649));
#2965=CARTESIAN_POINT('',(0.122905865311623,-0.285874073988356,-0.00649));
#2966=CARTESIAN_POINT('',(0.123905865311623,-0.285874073988356,-0.00649));
#2967=CARTESIAN_POINT('',(0.116738328874111,-0.285874073988356,-0.00649));
#2968=CARTESIAN_POINT('',(0.117738328874111,-0.285874073988356,-0.00649));
#2969=CARTESIAN_POINT('',(0.117738328874111,-0.278962481266416,-0.00649));
#2970=CARTESIAN_POINT('',(0.117738328874111,-0.272050888544478,-0.00649));
#2971=CARTESIAN_POINT('',(0.116738328874111,-0.272050888544478,-0.00649));
#2972=CARTESIAN_POINT('',(0.0431499965488911,-0.278962481266416,-0.00649));
#2973=CARTESIAN_POINT('',(0.0431499965488911,-0.285874073988356,-0.00649));
#2974=CARTESIAN_POINT('',(0.044149996548891,-0.285874073988356,-0.00649));
#2975=CARTESIAN_POINT('',(0.0194583050906658,-0.21496372619883,-0.00649));
#2976=CARTESIAN_POINT('',(0.0194583050906658,-0.170866322970547,-0.00649));
#2977=CARTESIAN_POINT('',(0.0194583050906658,-0.259061129427113,-0.00649));
#2978=CARTESIAN_POINT('',(0.0204583050906658,-0.259061129427113,-0.00649));
#2979=CARTESIAN_POINT('',(0.0204583050906658,-0.260061129427113,-0.00649));
#2980=CARTESIAN_POINT('',(0.171611642464995,-0.260061129427113,-0.00649));
#2981=CARTESIAN_POINT('',(0.322764979839325,-0.260061129427113,-0.00649));
#2982=CARTESIAN_POINT('',(0.322764979839325,-0.259061129427113,-0.00649));
#2983=CARTESIAN_POINT('',(0.323764979839325,-0.259061129427113,-0.00649));
#2984=CARTESIAN_POINT('',(0.323764979839325,-0.21496372619883,-0.00649));
#2985=CARTESIAN_POINT('',(0.323764979839325,-0.170866322970547,-0.00649));
#2986=CARTESIAN_POINT('',(0.322764979839325,-0.170866322970547,-0.00649));
#2987=CARTESIAN_POINT('',(0.322764979839325,-0.169866322970547,-0.00649));
#2988=CARTESIAN_POINT('',(0.171611642464995,-0.169866322970547,-0.00649));
#2989=CARTESIAN_POINT('',(0.0204583050906658,-0.169866322970547,-0.00649));
#2990=CARTESIAN_POINT('',(0.0204583050906658,-0.170866322970547,-0.00649));
#2991=CARTESIAN_POINT('',(0.35715839266777,-0.161359661317028,-0.00649));
#2992=CARTESIAN_POINT('',(0.359143008358076,-0.161359661317028,-0.00649));
#2993=CARTESIAN_POINT('',(0.357147365808487,-0.294040896988072,-0.00649));
#2994=CARTESIAN_POINT('',(0.35916124018485,-0.294040896988072,-0.00649));
#2995=CARTESIAN_POINT('',(0.0107946749776602,-0.294051640725292,-0.00649));
#2996=CARTESIAN_POINT('',(0.0128300876812834,-0.294051640725292,-0.00649));
#2997=CARTESIAN_POINT('',(0.0108811650425196,-0.161300950741924,-0.00649));
#2998=CARTESIAN_POINT('',(0.0129110679293889,-0.161300950741924,-0.00649));
#2999=CARTESIAN_POINT('',(0.00785174535095463,-0.227830794203359,-0.00649));
#3000=CARTESIAN_POINT('',(0.00785174535095463,-0.162522507683328,-0.00649));
#3001=CARTESIAN_POINT('',(0.00785174535095463,-0.293139080723392,-0.00649));
#3002=CARTESIAN_POINT('',(0.0118517453509546,-0.162522507683328,-0.00649));
#3003=CARTESIAN_POINT('',(0.0118517453509546,-0.158522507683328,-0.00649));
#3004=CARTESIAN_POINT('',(0.183785327118238,-0.158522507683328,-0.00649));
#3005=CARTESIAN_POINT('',(0.355718908885521,-0.158522507683328,-0.00649));
#3006=CARTESIAN_POINT('',(0.355718908885521,-0.162522507683328,-0.00649));
#3007=CARTESIAN_POINT('',(0.359718908885521,-0.162522507683328,-0.00649));
#3008=CARTESIAN_POINT('',(0.359718908885521,-0.227830794203359,-0.00649));
#3009=CARTESIAN_POINT('',(0.359718908885521,-0.293139080723392,-0.00649));
#3010=CARTESIAN_POINT('',(0.355718908885521,-0.293139080723392,-0.00649));
#3011=CARTESIAN_POINT('',(0.355718908885521,-0.297139080723392,-0.00649));
#3012=CARTESIAN_POINT('',(0.183785327118238,-0.297139080723392,-0.00649));
#3013=CARTESIAN_POINT('',(0.0118517453509546,-0.297139080723392,-0.00649));
#3014=CARTESIAN_POINT('',(0.0118517453509546,-0.293139080723392,-0.00649));
#3015=CARTESIAN_POINT('',(0.173934462480247,-0.286874073988356,-0.00649));
#3016=CARTESIAN_POINT('',(0.0204730814546346,-0.286874073988356,-0.00649));
#3017=CARTESIAN_POINT('',(0.0353466111975965,-0.286874073988356,-0.00649));
#3018=CARTESIAN_POINT('',(0.0353466111975965,-0.285874073988356,-0.00649));
#3019=CARTESIAN_POINT('',(0.0363466111975965,-0.285874073988356,-0.00649));
#3020=CARTESIAN_POINT('',(0.0363466111975965,-0.278962481266416,-0.00649));
#3021=CARTESIAN_POINT('',(0.0363466111975965,-0.272050888544478,-0.00649));
#3022=CARTESIAN_POINT('',(0.0353466111975965,-0.272050888544478,-0.00649));
#3023=CARTESIAN_POINT('',(0.0353466111975965,-0.271050888544478,-0.00649));
#3024=CARTESIAN_POINT('',(0.173934462480247,-0.271050888544478,-0.00649));
#3025=CARTESIAN_POINT('',(0.0204730814546346,-0.271050888544478,-0.00649));
#3026=CARTESIAN_POINT('',(0.0204730814546346,-0.272050888544478,-0.00649));
#3027=CARTESIAN_POINT('',(0.0194730814546346,-0.272050888544478,-0.00649));
#3028=CARTESIAN_POINT('',(0.0194730814546346,-0.278962481266416,-0.00649));
#3029=CARTESIAN_POINT('',(0.0194730814546346,-0.285874073988356,-0.00649));
#3030=CARTESIAN_POINT('',(0.0204730814546346,-0.285874073988356,-0.00649));
#3031=CARTESIAN_POINT('',(0.359718908885521,-0.227830794203359,0.00901));
#3032=CARTESIAN_POINT('',(0.359718908885521,-0.227830794203359,-0.00249));
#3033=CARTESIAN_POINT('',(0.359718908885521,-0.162522507683328,-0.00249));
#3034=CARTESIAN_POINT('',(0.359718908885521,-0.293139080723392,-0.00249));
#3035=CARTESIAN_POINT('',(0.359718908885521,-0.293139080723392,0.00901));
#3036=CARTESIAN_POINT('',(0.359718908885521,-0.162522507683328,-0.000490000000000009));
#3037=CARTESIAN_POINT('',(0.183785327118238,-0.297139080723392,0.00901));
#3038=CARTESIAN_POINT('',(0.0118517453509546,-0.297139080723392,-0.000489999999999992));
#3039=CARTESIAN_POINT('',(0.0118517453509546,-0.297139080723392,-0.00249));
#3040=CARTESIAN_POINT('',(0.355718908885521,-0.297139080723392,-0.00149));
#3041=CARTESIAN_POINT('',(0.355718908885521,-0.297139080723392,-0.00249));
#3042=CARTESIAN_POINT('',(0.183785327118238,-0.297139080723392,-0.00249));
#3043=CARTESIAN_POINT('',(0.00785174535095463,-0.227830794203359,-0.00049));
#3044=CARTESIAN_POINT('',(0.00785174535095463,-0.162522507683328,0.00901));
#3045=CARTESIAN_POINT('',(0.00785174535095463,-0.162522507683328,-0.00249));
#3046=CARTESIAN_POINT('',(0.00785174535095463,-0.293139080723392,-0.000489999999999993));
#3047=CARTESIAN_POINT('',(0.00785174535095463,-0.293139080723392,-0.00249));
#3048=CARTESIAN_POINT('',(0.00785174535095463,-0.227830794203359,-0.00249));
#3049=CARTESIAN_POINT('',(0.183785327118238,-0.158522507683328,-0.00049000000000001));
#3050=CARTESIAN_POINT('',(0.183785327118238,-0.158522507683328,-0.00249));
#3051=CARTESIAN_POINT('',(0.0118517453509546,-0.158522507683328,-0.00249));
#3052=CARTESIAN_POINT('',(0.355718908885521,-0.158522507683328,-0.00249));
#3053=CARTESIAN_POINT('',(0.355718908885521,-0.158522507683328,-0.00049000000000001));
#3054=CARTESIAN_POINT('',(0.0118517453509546,-0.158522507683328,-0.00649));
#3055=CARTESIAN_POINT('',(0.355718908885521,-0.293139080723392,0.00901));
#3056=CARTESIAN_POINT('',(0.355718908885521,-0.293139080723392,-0.00249));
#3057=CARTESIAN_POINT('',(0.0118517453509546,-0.293139080723392,-0.000489999999999993));
#3058=CARTESIAN_POINT('',(0.0118517453509546,-0.293139080723392,-0.00249));
#3059=CARTESIAN_POINT('',(0.355718908885521,-0.162522507683328,-0.000490000000000009));
#3060=CARTESIAN_POINT('',(0.355718908885521,-0.162522507683328,-0.00249));
#3061=CARTESIAN_POINT('',(0.0118517453509546,-0.162522507683328,-0.000490000000000009));
#3062=CARTESIAN_POINT('',(0.0118517453509546,-0.162522507683328,-0.00249));
#3063=CARTESIAN_POINT('',(0.183809099427758,-0.227970370149769,-0.00249));
#3064=CARTESIAN_POINT('',(0.35715839266777,-0.161359661317028,-0.00249));
#3065=CARTESIAN_POINT('',(0.359143008358076,-0.161359661317028,-0.00249));
#3066=CARTESIAN_POINT('',(0.357147365808487,-0.294040896988072,-0.00249));
#3067=CARTESIAN_POINT('',(0.35916124018485,-0.294040896988072,-0.00249));
#3068=CARTESIAN_POINT('',(0.0107946749776602,-0.294051640725292,-0.00249));
#3069=CARTESIAN_POINT('',(0.0128300876812834,-0.294051640725292,-0.00249));
#3070=CARTESIAN_POINT('',(0.0108811650425196,-0.161300950741924,-0.00249));
#3071=CARTESIAN_POINT('',(0.0129110679293889,-0.161300950741924,-0.00249));
#3072=CARTESIAN_POINT('',(0.0125474465526941,-0.227830794203359,-0.00249));
#3073=CARTESIAN_POINT('',(0.0125474465526941,-0.292321677785284,-0.00249));
#3074=CARTESIAN_POINT('',(0.0125474465526941,-0.162911823262172,-0.00249));
#3075=CARTESIAN_POINT('',(0.186133177719108,-0.162911823262172,-0.00249));
#3076=CARTESIAN_POINT('',(0.355738584298762,-0.162911823262172,-0.00249));
#3077=CARTESIAN_POINT('',(0.355738584298762,-0.227652694686319,-0.00249));
#3078=CARTESIAN_POINT('',(0.355738584298762,-0.292321677785284,-0.00249));
#3079=CARTESIAN_POINT('',(0.186133177719108,-0.292321677785284,-0.00249));
#3080=CARTESIAN_POINT('',(0.186133177719108,-0.162911823262172,0.00901));
#3081=CARTESIAN_POINT('',(0.0125474465526941,-0.162911823262172,0.00901));
#3082=CARTESIAN_POINT('',(0.355738584298762,-0.162911823262172,0.00901));
#3083=CARTESIAN_POINT('',(0.355738584298762,-0.227652694686319,0.00901));
#3084=CARTESIAN_POINT('',(0.355738584298762,-0.292321677785284,0.00901));
#3085=CARTESIAN_POINT('',(0.0125474465526941,-0.227830794203359,0.00901));
#3086=CARTESIAN_POINT('',(0.0125474465526941,-0.292321677785284,0.00901));
#3087=CARTESIAN_POINT('',(0.186133177719108,-0.292321677785284,0.00901));
#3088=CARTESIAN_POINT('',(0.0108811650425196,-0.161300950741924,-0.00659));
#3089=CARTESIAN_POINT('',(0.0107946749776602,-0.294051640725292,-0.00249));
#3090=CARTESIAN_POINT('',(0.357147365808487,-0.294040896988072,-0.00659));
#3091=CARTESIAN_POINT('',(0.35715839266777,-0.161359661317028,-0.00659));
#3092=CARTESIAN_POINT('',(0.0194583050906658,-0.21496372619883,-0.00649));
#3093=CARTESIAN_POINT('',(0.0194583050906658,-0.259061129427113,-0.00449));
#3094=CARTESIAN_POINT('',(0.0194583050906658,-0.170866322970547,-0.00649));
#3095=CARTESIAN_POINT('',(0.171611642464995,-0.169866322970547,-0.00649));
#3096=CARTESIAN_POINT('',(0.322764979839325,-0.169866322970547,-0.00649));
#3097=CARTESIAN_POINT('',(0.0204583050906658,-0.169866322970547,-0.00649));
#3098=CARTESIAN_POINT('',(0.323764979839325,-0.21496372619883,-0.00649));
#3099=CARTESIAN_POINT('',(0.323764979839325,-0.259061129427113,-0.00649));
#3100=CARTESIAN_POINT('',(0.323764979839325,-0.170866322970547,-0.00449));
#3101=CARTESIAN_POINT('',(0.171611642464995,-0.260061129427113,-0.00649));
#3102=CARTESIAN_POINT('',(0.0204583050906658,-0.260061129427113,-0.00649));
#3103=CARTESIAN_POINT('',(0.322764979839325,-0.260061129427113,-0.00649));
#3104=CARTESIAN_POINT('',(0.173934462480247,-0.286874073988356,-0.00649));
#3105=CARTESIAN_POINT('',(0.0204730814546346,-0.286874073988356,-0.00649));
#3106=CARTESIAN_POINT('',(0.0353466111975965,-0.286874073988356,-0.00649));
#3107=CARTESIAN_POINT('',(0.0194730814546346,-0.278962481266416,-0.00649));
#3108=CARTESIAN_POINT('',(0.0194730814546346,-0.285874073988356,-0.00649));
#3109=CARTESIAN_POINT('',(0.0194730814546346,-0.272050888544478,-0.00649));
#3110=CARTESIAN_POINT('',(0.173934462480247,-0.271050888544478,-0.00649));
#3111=CARTESIAN_POINT('',(0.0353466111975965,-0.271050888544478,-0.00649));
#3112=CARTESIAN_POINT('',(0.0204730814546346,-0.271050888544478,-0.00449));
#3113=CARTESIAN_POINT('',(0.32839584350586,-0.278962481266416,-0.00649));
#3114=CARTESIAN_POINT('',(0.32839584350586,-0.285874073988356,-0.00649));
#3115=CARTESIAN_POINT('',(0.32839584350586,-0.272050888544478,-0.00649));
#3116=CARTESIAN_POINT('',(0.0363466111975965,-0.278962481266416,-0.00449));
#3117=CARTESIAN_POINT('',(0.0363466111975965,-0.285874073988356,-0.00449));
#3118=CARTESIAN_POINT('',(0.0363466111975965,-0.272050888544478,-0.00449));
#3119=CARTESIAN_POINT('',(0.0431499965488911,-0.278962481266416,-0.00449));
#3120=CARTESIAN_POINT('',(0.0431499965488911,-0.285874073988356,-0.00449));
#3121=CARTESIAN_POINT('',(0.117738328874111,-0.278962481266416,-0.00449));
#3122=CARTESIAN_POINT('',(0.117738328874111,-0.285874073988356,-0.00449));
#3123=CARTESIAN_POINT('',(0.117738328874111,-0.272050888544478,-0.00449));
#3124=CARTESIAN_POINT('',(0.122905865311623,-0.278962481266416,-0.00449));
#3125=CARTESIAN_POINT('',(0.122905865311623,-0.285874073988356,-0.00449));
#3126=CARTESIAN_POINT('',(0.122905865311623,-0.272050888544478,-0.00449));
#3127=CARTESIAN_POINT('',(0.198287099599838,-0.278868371120251,-0.00449));
#3128=CARTESIAN_POINT('',(0.198287099599838,-0.285874073988356,-0.00449));
#3129=CARTESIAN_POINT('',(0.198287099599838,-0.272050888544478,-0.00449));
#3130=CARTESIAN_POINT('',(0.204518720507622,-0.278868371120251,-0.00449));
#3131=CARTESIAN_POINT('',(0.204518720507622,-0.285874073988356,-0.00449));
#3132=CARTESIAN_POINT('',(0.204518720507622,-0.272050888544478,-0.00449));
#3133=CARTESIAN_POINT('',(0.279741138219833,-0.278962481266416,-0.00449));
#3134=CARTESIAN_POINT('',(0.279741138219833,-0.285874073988356,-0.00449));
#3135=CARTESIAN_POINT('',(0.279741138219833,-0.272050888544478,-0.00449));
#3136=CARTESIAN_POINT('',(0.28553494811058,-0.278962481266416,-0.00449));
#3137=CARTESIAN_POINT('',(0.28553494811058,-0.285874073988356,-0.00449));
#3138=CARTESIAN_POINT('',(0.28553494811058,-0.272050888544478,-0.00449));
#3139=CARTESIAN_POINT('',(0.303286194801331,-0.278962481266416,-0.00449));
#3140=CARTESIAN_POINT('',(0.303286194801331,-0.285874073988356,-0.00449));
#3141=CARTESIAN_POINT('',(0.303286194801331,-0.272050888544478,-0.00449));
#3142=CARTESIAN_POINT('',(0.30940455198288,-0.278962481266416,-0.00449));
#3143=CARTESIAN_POINT('',(0.30940455198288,-0.272050888544478,-0.00449));
#3144=CARTESIAN_POINT('',(0.30940455198288,-0.285874073988356,-0.00449));
#3145=CARTESIAN_POINT('',(0.0204583050906658,-0.170866322970547,-0.00649));
#3146=CARTESIAN_POINT('',(0.322764979839325,-0.170866322970547,-0.00649));
#3147=CARTESIAN_POINT('',(0.322764979839325,-0.259061129427113,-0.00649));
#3148=CARTESIAN_POINT('',(0.0204583050906658,-0.259061129427113,-0.00649));
#3149=CARTESIAN_POINT('',(0.310404551982879,-0.285874073988356,-0.00649));
#3150=CARTESIAN_POINT('',(0.310404551982879,-0.272050888544478,-0.00449));
#3151=CARTESIAN_POINT('',(0.32739584350586,-0.272050888544478,-0.00649));
#3152=CARTESIAN_POINT('',(0.32739584350586,-0.285874073988356,-0.00649));
#3153=CARTESIAN_POINT('',(0.286534948110581,-0.272050888544478,-0.00449));
#3154=CARTESIAN_POINT('',(0.302286194801331,-0.272050888544478,-0.00649));
#3155=CARTESIAN_POINT('',(0.302286194801331,-0.285874073988356,-0.00449));
#3156=CARTESIAN_POINT('',(0.286534948110581,-0.285874073988356,-0.00649));
#3157=CARTESIAN_POINT('',(0.278741138219833,-0.272050888544478,-0.00649));
#3158=CARTESIAN_POINT('',(0.278741138219833,-0.285874073988356,-0.00449));
#3159=CARTESIAN_POINT('',(0.205518720507622,-0.272050888544478,-0.00449));
#3160=CARTESIAN_POINT('',(0.205518720507622,-0.285874073988356,-0.00649));
#3161=CARTESIAN_POINT('',(0.197287099599838,-0.272050888544478,-0.00649));
#3162=CARTESIAN_POINT('',(0.197287099599838,-0.285874073988356,-0.00449));
#3163=CARTESIAN_POINT('',(0.123905865311623,-0.272050888544478,-0.00449));
#3164=CARTESIAN_POINT('',(0.123905865311623,-0.285874073988356,-0.00649));
#3165=CARTESIAN_POINT('',(0.116738328874111,-0.272050888544478,-0.00649));
#3166=CARTESIAN_POINT('',(0.116738328874111,-0.285874073988356,-0.00449));
#3167=CARTESIAN_POINT('',(0.044149996548891,-0.285874073988356,-0.00649));
#3168=CARTESIAN_POINT('',(0.0204730814546346,-0.272050888544478,-0.00649));
#3169=CARTESIAN_POINT('',(0.0353466111975965,-0.272050888544478,-0.00649));
#3170=CARTESIAN_POINT('',(0.0353466111975965,-0.285874073988356,-0.00449));
#3171=CARTESIAN_POINT('',(0.0204730814546346,-0.285874073988356,-0.00649));
#3172=CARTESIAN_POINT('',(0.,0.,0.));
#3173=CARTESIAN_POINT('',(0.186133177719108,-0.013339910621435,0.00901));
#3174=CARTESIAN_POINT('',(0.344516877412796,-0.013339910621435,0.00639123968034983));
#3175=CARTESIAN_POINT('',(0.344516877412796,-0.013339910621435,0.00839123968034983));
#3176=CARTESIAN_POINT('',(0.346515164026662,-0.013339910621435,0.00647400808520615));
#3177=CARTESIAN_POINT('',(0.344516877412796,-0.013339910621435,0.00655677649006248));
#3178=CARTESIAN_POINT('',(0.344516877412796,-0.013339910621435,0.00455677649006248));
#3179=CARTESIAN_POINT('',(0.186133177719108,-0.013339910621435,0.00455677649006245));
#3180=CARTESIAN_POINT('',(0.339353348731995,-0.013339910621435,0.00455677649006248));
#3181=CARTESIAN_POINT('',(0.339353348731995,-0.013339910621435,0.00655677649006248));
#3182=CARTESIAN_POINT('',(0.337355062118128,-0.013339910621435,0.00647400808520615));
#3183=CARTESIAN_POINT('',(0.339353348731995,-0.013339910621435,0.00639123968034983));
#3184=CARTESIAN_POINT('',(0.339353348731995,-0.013339910621435,0.00839123968034983));
#3185=CARTESIAN_POINT('',(0.186133177719108,-0.013339910621435,0.00839123968034983));
#3186=CARTESIAN_POINT('',(0.186133177719108,-0.013339910621435,-0.00049));
#3187=CARTESIAN_POINT('',(0.0125474465526941,-0.013339910621435,-0.00049));
#3188=CARTESIAN_POINT('',(0.355738584298762,-0.013339910621435,-0.00049));
#3189=CARTESIAN_POINT('',(0.355738584298762,-0.013339910621435,0.00901));
#3190=CARTESIAN_POINT('',(0.355738584298762,-0.013339910621435,0.00901));
#3191=CARTESIAN_POINT('',(0.186133177719108,-0.013339910621435,0.00901));
#3192=CARTESIAN_POINT('',(0.0125474465526941,-0.013339910621435,0.00901));
#3193=CARTESIAN_POINT('',(0.0125474465526941,-0.013339910621435,0.00901));
#3194=CARTESIAN_POINT('',(0.359718908885521,-0.0778307942033596,0.00901));
#3195=CARTESIAN_POINT('',(0.359718908885521,-0.0778307942033596,-0.00649));
#3196=CARTESIAN_POINT('',(0.359718908885521,-0.143139080723392,-0.00649));
#3197=CARTESIAN_POINT('',(0.359718908885521,-0.0125225076833274,-0.00649));
#3198=CARTESIAN_POINT('',(0.359718908885521,-0.0125225076833274,0.00901));
#3199=CARTESIAN_POINT('',(0.359718908885521,-0.0125225076833274,0.00901));
#3200=CARTESIAN_POINT('',(0.359718908885521,-0.0778307942033596,0.00901));
#3201=CARTESIAN_POINT('',(0.359718908885521,-0.143139080723392,0.00901));
#3202=CARTESIAN_POINT('',(0.359718908885521,-0.143139080723392,-0.00049));
#3203=CARTESIAN_POINT('',(0.183785327118238,-0.00852250768332736,0.00901));
#3204=CARTESIAN_POINT('',(0.355718908885521,-0.00852250768332736,-0.00149));
#3205=CARTESIAN_POINT('',(0.355718908885521,-0.00852250768332736,0.00901));
#3206=CARTESIAN_POINT('',(0.355718908885521,-0.00852250768332736,-0.00649));
#3207=CARTESIAN_POINT('',(0.183785327118238,-0.00852250768332736,-0.00649));
#3208=CARTESIAN_POINT('',(0.0118517453509546,-0.00852250768332736,-0.00649));
#3209=CARTESIAN_POINT('',(0.0118517453509546,-0.00852250768332736,-0.00049));
#3210=CARTESIAN_POINT('',(0.0118517453509546,-0.00852250768332736,0.00901));
#3211=CARTESIAN_POINT('',(0.183785327118238,-0.00852250768332736,0.00901));
#3212=CARTESIAN_POINT('',(0.183785327118238,-0.00852250768332736,0.00455677649006245));
#3213=CARTESIAN_POINT('',(0.344516877412796,-0.00852250768332736,0.00455677649006248));
#3214=CARTESIAN_POINT('',(0.339353348731995,-0.00852250768332736,0.00455677649006248));
#3215=CARTESIAN_POINT('',(0.344516877412796,-0.00852250768332736,0.00655677649006248));
#3216=CARTESIAN_POINT('',(0.346515164026662,-0.00852250768332736,0.00647400808520615));
#3217=CARTESIAN_POINT('',(0.344516877412796,-0.00852250768332736,0.00639123968034983));
#3218=CARTESIAN_POINT('',(0.344516877412796,-0.00852250768332736,0.00839123968034983));
#3219=CARTESIAN_POINT('',(0.183785327118238,-0.00852250768332736,0.00839123968034983));
#3220=CARTESIAN_POINT('',(0.339353348731995,-0.00852250768332736,0.00839123968034983));
#3221=CARTESIAN_POINT('',(0.339353348731995,-0.00852250768332736,0.00639123968034983));
#3222=CARTESIAN_POINT('',(0.337355062118128,-0.00852250768332736,0.00647400808520615));
#3223=CARTESIAN_POINT('',(0.339353348731995,-0.00852250768332736,0.00655677649006248));
#3224=CARTESIAN_POINT('',(0.186133177719108,-0.0778307942033596,0.00901));
#3225=CARTESIAN_POINT('',(0.35716563463211,-0.144314154982567,0.00901));
#3226=CARTESIAN_POINT('',(0.359168707190381,-0.144314154982567,0.00901));
#3227=CARTESIAN_POINT('',(0.357198804616928,-0.0116334585472941,0.00901));
#3228=CARTESIAN_POINT('',(0.359233531461805,-0.0116334585472941,0.00901));
#3229=CARTESIAN_POINT('',(0.0107273291796446,-0.0115782339125872,0.00901));
#3230=CARTESIAN_POINT('',(0.0127192788994269,-0.0115782339125872,0.00901));
#3231=CARTESIAN_POINT('',(0.0109225260093808,-0.144372344017029,0.00901));
#3232=CARTESIAN_POINT('',(0.0129674170798474,-0.144372344017029,0.00901));
#3233=CARTESIAN_POINT('',(0.0125474465526941,-0.0778307942033595,0.00901));
#3234=CARTESIAN_POINT('',(0.0125474465526941,-0.142749765144547,0.00901));
#3235=CARTESIAN_POINT('',(0.355738584298762,-0.0780088937203999,0.00901));
#3236=CARTESIAN_POINT('',(0.355738584298762,-0.142749765144547,0.00901));
#3237=CARTESIAN_POINT('',(0.186133177719108,-0.142749765144547,0.00901));
#3238=CARTESIAN_POINT('',(0.355718908885521,-0.0125225076833274,0.00901));
#3239=CARTESIAN_POINT('',(0.0118517453509546,-0.0125225076833274,0.00901));
#3240=CARTESIAN_POINT('',(0.00785174535095463,-0.0125225076833274,0.00901));
#3241=CARTESIAN_POINT('',(0.00785174535095463,-0.0778307942033596,0.00901));
#3242=CARTESIAN_POINT('',(0.00785174535095463,-0.143139080723392,0.00901));
#3243=CARTESIAN_POINT('',(0.0118517453509546,-0.143139080723392,0.00901));
#3244=CARTESIAN_POINT('',(0.0118517453509546,-0.147139080723392,0.00901));
#3245=CARTESIAN_POINT('',(0.183785327118238,-0.147139080723392,0.00901));
#3246=CARTESIAN_POINT('',(0.355718908885521,-0.147139080723392,0.00901));
#3247=CARTESIAN_POINT('',(0.355718908885521,-0.143139080723392,0.00901));
#3248=CARTESIAN_POINT('',(0.341935113072395,-0.01352,0.00839123968034983));
#3249=CARTESIAN_POINT('',(0.344516877412796,-0.01352,0.00839123968034983));
#3250=CARTESIAN_POINT('',(0.339353348731995,-0.00852250768332736,0.00839123968034983));
#3251=CARTESIAN_POINT('',(0.341935113072395,-0.01352,0.00455677649006248));
#3252=CARTESIAN_POINT('',(0.344516877412796,-0.00852250768332736,0.00455677649006248));
#3253=CARTESIAN_POINT('',(0.339353348731995,-0.01352,0.00455677649006248));
#3254=CARTESIAN_POINT('',(0.355718908885521,-0.0125225076833274,0.00901));
#3255=CARTESIAN_POINT('',(0.355718908885521,-0.0125225076833274,-0.00649));
#3256=CARTESIAN_POINT('',(0.344516877412796,-0.01352,0.00655677649006248));
#3257=CARTESIAN_POINT('',(0.346515164026662,-0.0109312091523812,0.00647400808520615));
#3258=CARTESIAN_POINT('',(0.344516877412796,-0.01352,0.00639123968034983));
#3259=CARTESIAN_POINT('',(0.339353348731995,-0.01352,0.00655677649006248));
#3260=CARTESIAN_POINT('',(0.337355062118128,-0.0109312091523812,0.00647400808520615));
#3261=CARTESIAN_POINT('',(0.339353348731995,-0.01352,0.00639123968034983));
#3262=CARTESIAN_POINT('',(0.0125474465526941,-0.0778307942033595,0.00901));
#3263=CARTESIAN_POINT('',(0.0125474465526941,-0.142749765144547,0.00901));
#3264=CARTESIAN_POINT('',(0.0125474465526941,-0.142749765144547,-0.00049));
#3265=CARTESIAN_POINT('',(0.0125474465526941,-0.0778307942033596,-0.00049));
#3266=CARTESIAN_POINT('',(0.355738584298762,-0.0780088937203999,0.00901));
#3267=CARTESIAN_POINT('',(0.355738584298762,-0.0780088937203999,-0.00049));
#3268=CARTESIAN_POINT('',(0.355738584298762,-0.142749765144547,-0.00049));
#3269=CARTESIAN_POINT('',(0.355738584298762,-0.142749765144547,0.00901));
#3270=CARTESIAN_POINT('',(0.183785327118238,-0.0778307942033596,-0.00049));
#3271=CARTESIAN_POINT('',(0.183785327118238,-0.142749765144547,-0.00049));
#3272=CARTESIAN_POINT('',(0.00785174535095463,-0.0778307942033596,-0.00049));
#3273=CARTESIAN_POINT('',(0.00785174535095463,-0.0125225076833274,-0.00049));
#3274=CARTESIAN_POINT('',(0.00785174535095463,-0.0125225076833274,-0.00649));
#3275=CARTESIAN_POINT('',(0.00785174535095463,-0.0778307942033596,-0.00649));
#3276=CARTESIAN_POINT('',(0.00785174535095463,-0.143139080723392,-0.00649));
#3277=CARTESIAN_POINT('',(0.00785174535095463,-0.143139080723392,0.00901));
#3278=CARTESIAN_POINT('',(0.183785327118238,-0.147139080723392,-0.00049));
#3279=CARTESIAN_POINT('',(0.183785327118238,-0.147139080723392,-0.00649));
#3280=CARTESIAN_POINT('',(0.0118517453509546,-0.147139080723392,-0.00649));
#3281=CARTESIAN_POINT('',(0.355718908885521,-0.147139080723392,-0.00649));
#3282=CARTESIAN_POINT('',(0.355718908885521,-0.147139080723392,-0.00049));
#3283=CARTESIAN_POINT('',(0.0118517453509546,-0.147139080723392,-0.00649));
#3284=CARTESIAN_POINT('',(0.183785327118238,-0.0778307942033596,-0.00649));
#3285=CARTESIAN_POINT('',(0.0118517453509546,-0.0125225076833274,-0.00649));
#3286=CARTESIAN_POINT('',(0.355718908885521,-0.143139080723392,-0.00649));
#3287=CARTESIAN_POINT('',(0.0118517453509546,-0.143139080723392,-0.00649));
#3288=CARTESIAN_POINT('',(0.186133177719108,-0.142749765144547,0.00901));
#3289=CARTESIAN_POINT('',(0.0118517453509546,-0.0125225076833274,-0.00049));
#3290=CARTESIAN_POINT('',(0.355718908885521,-0.143139080723392,-0.00049));
#3291=CARTESIAN_POINT('',(0.0118517453509546,-0.143139080723392,-0.00049));
#3292=CARTESIAN_POINT('',(0.0109225260093808,-0.144372344017029,0.00451));
#3293=CARTESIAN_POINT('',(0.0109225260093808,-0.144372344017029,0.00451));
#3294=CARTESIAN_POINT('',(0.0129674170798474,-0.144372344017029,0.00451));
#3295=CARTESIAN_POINT('',(0.183785327118238,-0.0778307942033596,0.00451));
#3296=CARTESIAN_POINT('',(0.0107273291796446,-0.0115782339125872,0.00901));
#3297=CARTESIAN_POINT('',(0.0107273291796446,-0.0115782339125872,0.00451));
#3298=CARTESIAN_POINT('',(0.0127192788994269,-0.0115782339125872,0.00451));
#3299=CARTESIAN_POINT('',(0.183785327118238,-0.0778307942033596,0.00451));
#3300=CARTESIAN_POINT('',(0.357198804616928,-0.0116334585472941,0.00451));
#3301=CARTESIAN_POINT('',(0.357198804616928,-0.0116334585472941,0.00451));
#3302=CARTESIAN_POINT('',(0.359233531461805,-0.0116334585472941,0.00451));
#3303=CARTESIAN_POINT('',(0.183785327118238,-0.0778307942033596,0.00451));
#3304=CARTESIAN_POINT('',(0.35716563463211,-0.144314154982567,0.00451));
#3305=CARTESIAN_POINT('',(0.35716563463211,-0.144314154982567,0.00451));
#3306=CARTESIAN_POINT('',(0.359168707190381,-0.144314154982567,0.00451));
#3307=CARTESIAN_POINT('',(0.183785327118238,-0.0778307942033596,0.00451));
#3308=MECHANICAL_DESIGN_GEOMETRIC_PRESENTATION_REPRESENTATION('',(#1951),
#3310);
#3309=MECHANICAL_DESIGN_GEOMETRIC_PRESENTATION_REPRESENTATION('',(#1952),
#3311);
#3310=(
GEOMETRIC_REPRESENTATION_CONTEXT(3)
GLOBAL_UNCERTAINTY_ASSIGNED_CONTEXT((#3312))
GLOBAL_UNIT_ASSIGNED_CONTEXT((#3318,#3316,#3314))
REPRESENTATION_CONTEXT('Part 2','TOP_LEVEL_ASSEMBLY_PART')
);
#3311=(
GEOMETRIC_REPRESENTATION_CONTEXT(3)
GLOBAL_UNCERTAINTY_ASSIGNED_CONTEXT((#3313))
GLOBAL_UNIT_ASSIGNED_CONTEXT((#3319,#3317,#3315))
REPRESENTATION_CONTEXT('Part 1','TOP_LEVEL_ASSEMBLY_PART')
);
#3312=UNCERTAINTY_MEASURE_WITH_UNIT(LENGTH_MEASURE(1.E-8),#3318,
'DISTANCE_ACCURACY_VALUE','Maximum Tolerance applied to model');
#3313=UNCERTAINTY_MEASURE_WITH_UNIT(LENGTH_MEASURE(1.E-8),#3319,
'DISTANCE_ACCURACY_VALUE','Maximum Tolerance applied to model');
#3314=(
NAMED_UNIT(*)
SI_UNIT($,.STERADIAN.)
SOLID_ANGLE_UNIT()
);
#3315=(
NAMED_UNIT(*)
SI_UNIT($,.STERADIAN.)
SOLID_ANGLE_UNIT()
);
#3316=(
NAMED_UNIT(*)
PLANE_ANGLE_UNIT()
SI_UNIT($,.RADIAN.)
);
#3317=(
NAMED_UNIT(*)
PLANE_ANGLE_UNIT()
SI_UNIT($,.RADIAN.)
);
#3318=(
LENGTH_UNIT()
NAMED_UNIT(*)
SI_UNIT($,.METRE.)
);
#3319=(
LENGTH_UNIT()
NAMED_UNIT(*)
SI_UNIT($,.METRE.)
);
#3320=PRODUCT_DEFINITION_SHAPE('','',#3322);
#3321=PRODUCT_DEFINITION_SHAPE('','',#3323);
#3322=PRODUCT_DEFINITION('','',#3326,#3324);
#3323=PRODUCT_DEFINITION('','',#3327,#3325);
#3324=PRODUCT_DEFINITION_CONTEXT('',#3338,'design');
#3325=PRODUCT_DEFINITION_CONTEXT('',#3339,'design');
#3326=PRODUCT_DEFINITION_FORMATION_WITH_SPECIFIED_SOURCE('','',#3330,
 .NOT_KNOWN.);
#3327=PRODUCT_DEFINITION_FORMATION_WITH_SPECIFIED_SOURCE('','',#3331,
 .NOT_KNOWN.);
#3328=PRODUCT_RELATED_PRODUCT_CATEGORY('','',(#3330));
#3329=PRODUCT_RELATED_PRODUCT_CATEGORY('','',(#3331));
#3330=PRODUCT('Part 2','Part 2','Part 2',(#3334));
#3331=PRODUCT('Part 1','Part 1','Part 1',(#3335));
#3332=PRODUCT_CATEGORY('','');
#3333=PRODUCT_CATEGORY('','');
#3334=PRODUCT_CONTEXT('',#3338,'mechanical');
#3335=PRODUCT_CONTEXT('',#3339,'mechanical');
#3336=APPLICATION_PROTOCOL_DEFINITION('international standard',
'ap242_managed_model_based_3d_engineering',2020,#3338);
#3337=APPLICATION_PROTOCOL_DEFINITION('international standard',
'ap242_managed_model_based_3d_engineering',2020,#3339);
#3338=APPLICATION_CONTEXT('managed model based 3d engineering');
#3339=APPLICATION_CONTEXT('managed model based 3d engineering');
ENDSEC;
END-ISO-10303-21;
